commune_name,TERYT,commune_type,commune_population,number_of_places,number_of_places_per_1000_inh,voi_code
Abramów,0608022,2,4039,0,0,06
Adamów,0611032,2,5594,0,0,06
Adamów,0620012,2,4646,0,0,06
Adamówka,1814022,2,4057,0,0,18
Aleksandrów,0602022,2,3281,0,0,06
Aleksandrów,1010012,2,4326,0,0,10
Aleksandrów Kujawski,0401011,1,12102,0,0,04
Aleksandrów Kujawski,0401042,2,11943,0,0,04
Aleksandrów Łódzki,1020043,3,32303,0,0,10
Alwernia,1203013,3,12529,0,0,12
Andrespol,1006022,2,14205,0,0,10
Andrychów,1218013,3,43477,0,0,12
Andrzejewo,1416022,2,4063,0,0,14
Annopol,0607023,3,8596,15,1.74499767333644,06
Augustów,2001022,2,6759,0,0,20
Augustów,2001011,1,30153,0,0,20
Babiak,3009022,2,7831,0,0,30
Babice,1203022,2,9097,30,3.29779048037815,12
Babimost,0809013,3,6226,0,0,08
Baborów,1602013,3,5976,0,0,16
Baboszewo,1420032,2,7955,15,1.88560653676933,14
Baćkowice,2606012,2,4868,0,0,26
Bakałarzewo,2012012,2,3104,0,0,20
Baligród,1821012,2,3161,0,0,18
Bałtów,2607022,2,3410,0,0,26
Banie,3206012,2,6308,0,0,32
Banie Mazurskie,2818012,2,3671,10,2.72405339144647,28
Baranowo,1415012,2,6496,0,0,14
Baranów,0614022,2,3886,0,0,06
Baranów,1405032,2,5340,0,0,14
Baranów,3008012,2,7987,30,3.75610366846125,30
Baranów Sandomierski,1820013,3,11852,0,0,18
Barciany,2808022,2,6109,0,0,28
Barcin,0419013,3,14751,0,0,04
Barczewo,2814013,3,18019,0,0,28
Bardo,0224013,3,5286,0,0,02
Bargłów Kościelny,2001032,2,5496,0,0,20
Barlinek,3210013,3,19244,0,0,32
Bartniczka,0402062,2,4691,0,0,04
Bartoszyce,2801011,1,23284,0,0,28
Bartoszyce,2801032,2,10715,0,0,28
Baruchowo,0418022,2,3436,0,0,04
Barwice,3215023,3,8478,0,0,32
Batorz,0605012,2,3264,0,0,06
Bądkowo,0401052,2,4222,20,4.73709142586452,04
Bedlno,1002022,2,5349,0,0,10
Bejsce,2603012,2,3997,0,0,26
Belsk Duży,1406012,2,6475,0,0,14
Bełchatów,1001011,1,56973,0,0,10
Bełchatów,1001022,2,11572,0,0,10
Bełżec,0618022,2,3315,0,0,06
Bełżyce,0609013,3,13256,0,0,06
Besko,1817022,2,4508,0,0,18
Bestwina,2402022,2,11909,0,0,24
Będków,1016022,2,3274,0,0,10
Będzin,2401011,1,56354,0,0,24
Będzino,3209012,2,8659,20,2.30973553528121,32
Biała,1610013,3,10565,30,2.83956460009465,16
Biała,1017012,2,5440,0,0,10
Biała Piska,2816013,3,11622,0,0,28
Biała Podlaska,0601032,2,14423,0,0,06
Biała Podlaska,0661011,1,57170,0,0,06
Biała Rawska,1013023,3,11285,0,0,10
Białaczów,1007012,2,5767,0,0,10
Białe Błota,0403012,2,22450,60,1.33630289532294,04
Białobrzegi,1810022,2,8725,0,0,18
Białobrzegi,1401013,3,10263,0,0,14
Białogard,3201011,1,24146,0,0,32
Białogard,3201022,2,7546,0,0,32
Białopole,0603022,2,2886,0,0,06
Białośliwie,3019022,2,4852,0,0,30
Białowieża,2005022,2,2191,0,0,20
Biały Bór,3215033,3,5294,15,2.8333962976955,32
Biały Dunajec,1217022,2,7179,30,4.17885499373172,12
Białystok,2061011,1,297554,0,0,20
Biecz,1205023,3,16808,40,1.18990956687292,12
Bielany,1429022,2,3609,0,0,14
Bielawa,0202011,1,29872,40,1.33904659882164,02
Bielawy,1005022,2,5325,15,2.8169014084507,10
Bielice,3212012,2,3122,0,0,32
Bieliny,2604012,2,10299,12,1.16516166618118,26
Bielsk,1419012,2,9071,0,0,14
Bielsk Podlaski,2003032,2,6606,15,2.27066303360581,20
Bielsk Podlaski,2003011,1,25262,0,0,20
Bielsko-Biała,2461011,1,170663,60,0.175785026631432,24
Bierawa,1603022,2,7912,0,0,16
Bieruń,2414011,1,19507,0,0,24
Bierutów,0214023,3,9960,20,2.00803212851406,02
Bierzwnik,3202012,2,4670,0,0,32
Biesiekierz,3209022,2,7154,25,3.49454850433324,32
Bieżuń,1437013,3,4973,0,0,14
Biłgoraj,0602011,1,26329,0,0,06
Biłgoraj,0602032,2,13355,0,0,06
Bircza,1813012,2,6539,0,0,18
Biskupice,1219012,2,10450,0,0,12
Biskupiec,2812022,2,9308,0,0,28
Biskupiec,2814023,3,18997,0,0,28
Biszcza,0602042,2,3764,0,0,06
Bisztynek,2801043,3,6299,0,0,28
Blachownia,2404013,3,12930,0,0,24
Bledzew,0803012,2,4344,0,0,08
Blizanów,3007012,2,9940,0,0,30
Bliżyn,2610022,2,8037,25,3.11061341296504,26
Błaszki,1014023,3,14458,0,0,10
Błażowa,1816023,3,10833,0,0,18
Błędów,1406022,2,7415,0,0,14
Błonie,1432013,3,21565,0,0,14
Bobolice,3209033,3,8898,0,0,32
Bobowa,1205033,3,9798,0,0,12
Bobowo,2213042,2,3202,0,0,22
Bobrowice,0802022,2,3178,0,0,08
Bobrowniki,0408022,2,3086,0,0,04
Bobrowniki,2401042,2,12132,0,0,24
Bobrowo,0402022,2,6325,0,0,04
Bochnia,1201022,2,20024,26,1.29844186975629,12
Bochnia,1201011,1,29718,0,0,12
Boćki,2003042,2,4185,15,3.584229390681,20
Bodzanów,1419022,2,8187,0,0,14
Bodzechów,2607032,2,13326,20,1.5008254539997,26
Bodzentyn,2604023,3,11479,0,0,26
Bogatynia,0225033,3,22940,0,0,02
Bogdaniec,0801022,2,7104,0,0,08
Bogoria,2612012,2,7692,0,0,26
Boguchwała,1816033,3,20766,0,0,18
Boguszów-Gorce,0221011,1,15310,0,0,02
Boguty-Pianki,1416032,2,2581,15,5.81170089112747,14
Bojadła,0809022,2,3277,0,0,08
Bojanowo,3022013,3,8739,0,0,30
Bojanów,1818022,2,7602,0,0,18
Bojszowy,2414042,2,7924,0,0,24
Bolesław,1204012,2,2607,0,0,12
Bolesław,1212032,2,7745,0,0,12
Bolesławiec,0201011,1,38872,0,0,02
Bolesławiec,0201022,2,14699,0,0,02
Bolesławiec,1018012,2,4080,0,0,10
Boleszkowice,3210022,2,2849,0,0,32
Bolimów,1015012,2,4021,0,0,10
Bolków,0205023,3,10388,0,0,02
Boniewo,0418032,2,3366,20,5.941770647653,04
Borek Wielkopolski,3004013,3,7473,0,0,30
Borki,0615022,2,6003,26,4.3311677494586,06
Borkowice,1423012,2,4261,0,0,14
Borne Sulinowo,3215043,3,9935,15,1.50981378963261,32
Boronów,2407022,2,3436,0,0,24
Borowa,1811022,2,5541,0,0,18
Borowie,1403032,2,5283,0,0,14
Borów,0217012,2,5272,0,0,02
Borzechów,0609022,2,3760,0,0,06
Borzęcin,1202012,2,8337,0,0,12
Borzytuchom,2201012,2,3364,0,0,22
Bralin,3008022,2,6100,0,0,30
Branice,1602022,2,6474,70,10.8124806919988,16
Braniewo,2802011,1,16992,0,0,28
Braniewo,2802022,2,6031,0,0,28
Brańsk,2003021,1,3753,0,0,20
Brańsk,2003052,2,5630,0,0,20
Brańszczyk,1435012,2,8252,0,0,14
Brąszewice,1014032,2,4471,0,0,10
Brenna,2403042,2,11285,0,0,24
Brochów,1428022,2,4371,0,0,14
Brodnica,0402011,1,28880,0,0,04
Brodnica,0402032,2,8533,0,0,04
Brodnica,3026012,2,4892,0,0,30
Brody,2611022,2,10870,40,3.67985280588776,26
Brody,0811032,2,3404,0,0,08
Brojce,3205012,2,3743,0,0,32
Brok,1416043,3,2813,15,5.3323853537149,14
Brójce,1006032,2,6672,0,0,10
Brudzeń Duży,1419032,2,8267,0,0,14
Brudzew,3027022,2,5966,0,0,30
Brusy,2202023,3,14575,0,0,22
Brwinów,1421033,3,26718,0,0,14
Brzeg,1601011,1,35709,0,0,16
Brzeg Dolny,0222013,3,16134,0,0,02
Brzesko,1202023,3,36291,0,0,12
Brzeszcze,1213023,3,21214,0,0,12
Brześć Kujawski,0418043,3,11442,50,4.36986540814543,04
Brzeziny,1021011,1,12501,0,0,10
Brzeziny,1021022,2,5783,0,0,10
Brzeziny,3007022,2,5817,0,0,30
Brzeźnica,0810032,2,3733,0,0,08
Brzeźnica,1218022,2,10426,0,0,12
Brzeźnio,1014042,2,6384,0,0,10
Brzeżno,3216022,2,2766,0,0,32
Brzostek,1803023,3,13010,0,0,18
Brzozie,0402042,2,3824,30,7.84518828451883,04
Brzozów,1802013,3,26599,0,0,18
Brzuze,0412022,2,5287,0,0,04
Brzyska,1805022,2,6530,0,0,18
Buczek,1003012,2,5093,0,0,10
Buczkowice,2402032,2,11227,0,0,24
Budry,2819012,2,2780,0,0,28
Budziszewice,1016032,2,2149,0,0,10
Budzów,1215032,2,8945,0,0,12
Budzyń,3001022,2,8526,0,0,30
Buk,3021033,3,12610,0,0,30
Bukowiec,0414012,2,5138,0,0,04
Bukowina Tatrzańska,1217032,2,13387,0,0,12
Bukowno,1212011,1,10106,0,0,12
Bukowsko,1817032,2,5495,30,5.45950864422202,18
Bulkowo,1419042,2,5512,0,0,14
Burzenin,1014052,2,5512,0,0,10
Busko-Zdrój,2601013,3,32189,25,0.776662835130013,26
Bychawa,0609033,3,11595,0,0,06
Byczyna,1604013,3,9221,0,0,16
Bydgoszcz,0461011,1,348190,15,0.0430799276257216,04
Bystra-Sidzina,1215042,2,6920,0,0,12
Bystrzyca Kłodzka,0208063,3,18825,0,0,02
Bytnica,0802032,2,2507,0,0,08
Bytom,2462011,1,165263,0,0,24
Bytom Odrzański,0804023,3,5426,0,0,08
Bytoń,0411022,2,3456,20,5.78703703703704,04
Bytów,2201023,3,25420,0,0,22
Cedry Wielkie,2204022,2,6965,0,0,22
Cedynia,3206023,3,4221,0,0,32
Cegłów,1412042,2,6087,0,0,14
Cekcyn,0416012,2,6870,0,0,04
Ceków-Kolonia,3007032,2,4746,0,0,30
Celestynów,1417032,2,11732,0,0,14
Ceranów,1429032,2,2169,0,0,14
Cewice,2208032,2,7577,0,0,22
Charsznica,1208012,2,7441,0,0,12
Chąśno,1005032,2,2907,0,0,10
Chełm,0603032,2,15023,0,0,06
Chełm,0662011,1,61932,0,0,06
Chełm Śląski,2414052,2,6358,0,0,24
Chełmek,1213033,3,12990,0,0,12
Chełmiec,1210022,2,28834,0,0,12
Chełmno,0404011,1,19510,0,0,04
Chełmno,0404022,2,6092,0,0,04
Chełmża,0415011,1,14449,0,0,04
Chełmża,0415022,2,9826,0,0,04
Chęciny,2604033,3,15111,0,0,26
Chlewiska,1430012,2,5911,0,0,14
Chłopice,1804032,2,5535,0,0,18
Chmielnik,2604043,3,11264,30,2.66335227272727,26
Chmielnik,1816042,2,6945,0,0,18
Chmielno,2205012,2,7805,15,1.92184497117233,22
Choceń,0418052,2,7977,0,0,04
Chocianów,0216013,3,12796,0,0,02
Chociwel,3214023,3,5804,0,0,32
Chocz,3020013,3,4753,0,0,30
Choczewo,2215042,2,5495,0,0,22
Chodecz,0418063,3,5996,35,5.83722481654436,04
Chodel,0612012,2,6565,0,0,06
Chodów,3009032,2,3005,0,0,30
Chodzież,3001011,1,18480,0,0,30
Chodzież,3001032,2,6100,0,0,30
Chojna,3206033,3,13706,0,0,32
Chojnice,2202011,1,39804,0,0,22
Chojnice,2202032,2,19311,0,0,22
Chojnów,0209011,1,13266,0,0,02
Chojnów,0209022,2,9597,0,0,02
Chorkówka,1807012,2,13464,0,0,18
Choroszcz,2002013,3,15528,0,0,20
Chorzele,1422023,3,10175,0,0,14
Chorzów,2463011,1,107807,15,0.139137532813268,24
Choszczno,3202023,3,21635,30,1.38664201525306,32
Chotcza,1409012,2,2326,0,0,14
Chrostkowo,0408032,2,2870,0,0,04
Chrzanów,0605022,2,2921,0,0,06
Chrzanów,1203033,3,46787,0,0,12
Chrząstowice,1609012,2,7013,0,0,16
Chrzypsko Wielkie,3014012,2,3306,0,0,30
Chybie,2403052,2,9825,0,0,24
Chynów,1406032,2,9846,0,0,14
Ciasna,2407032,2,7454,0,0,24
Ciechanowiec,2013023,3,8577,0,0,20
Ciechanów,1402022,2,7117,25,3.51271603203597,14
Ciechanów,1402011,1,44138,0,0,14
Ciechocin,0405022,2,4022,0,0,04
Ciechocinek,0401021,1,10618,120,11.3015633829346,04
Cielądz,1013032,2,3965,0,0,10
Ciepielów,1409022,2,5530,0,0,14
Ciepłowody,0224022,2,2989,0,0,02
Cieszanów,1809023,3,7141,0,0,18
Cieszków,0213012,2,4663,0,0,02
Cieszyn,2403011,1,34424,0,0,24
Ciężkowice,1216013,3,11209,52,4.63912927112142,12
Cisek,1603032,2,5593,0,0,16
Cisna,1821022,2,1740,0,0,18
Cmolas,1806012,2,8093,0,0,18
Cybinka,0805013,3,6469,20,3.09166795486165,08
Cyców,0610012,2,7912,0,0,06
Czajków,3018012,2,2490,0,0,30
Czaplinek,3203013,3,11867,20,1.68534591724952,32
Czarna,1801032,2,2389,0,0,18
Czarna,1803032,2,13137,0,0,18
Czarna,1810032,2,11816,0,0,18
Czarna Białostocka,2002023,3,11314,20,1.76772140710624,20
Czarna Dąbrówka,2201032,2,5917,40,6.76018252492817,22
Czarna Woda,2213013,3,3141,0,0,22
Czarne,2203023,3,9055,0,0,22
Czarnia,1415022,2,2513,15,5.96896140071628,14
Czarnków,3002011,1,10607,0,0,30
Czarnków,3002022,2,11419,0,0,30
Czarnocin,2603022,2,3758,40,10.6439595529537,26
Czarnocin,1010022,2,4131,10,2.42072137496974,10
Czarnożyły,1017022,2,4523,0,0,10
Czarny Bór,0221042,2,4840,0,0,02
Czarny Dunajec,1211032,2,22626,0,0,12
Czastary,1018022,2,3975,0,0,10
Czchów,1202033,3,9828,0,0,12
Czechowice-Dziedzice,2402043,3,45489,0,0,24
Czeladź,2401021,1,31405,0,0,24
Czemierniki,0615032,2,4310,0,0,06
Czempiń,3011023,3,11513,0,0,30
Czeremcha,2005032,2,3115,0,0,20
Czermin,1811032,2,7059,0,0,18
Czermin,3020022,2,4947,0,0,30
Czernica,0223012,2,16619,0,0,02
Czernice Borowe,1422032,2,3801,0,0,14
Czernichów,2417022,2,6740,0,0,24
Czernichów,1206012,2,14712,0,0,12
Czerniejewo,3003023,3,7405,20,2.70087778528022,30
Czerniewice,1016042,2,5048,0,0,10
Czernikowo,0415032,2,9064,15,1.65489849955869,04
Czersk,2202043,3,21644,0,0,22
Czerwieńsk,0809033,3,9979,0,0,08
Czerwin,1415032,2,5098,0,0,14
Czerwińsk nad Wisłą,1420043,2,7640,0,0,14
Czerwionka-Leszczyny,2412013,3,42121,0,0,24
Czerwonak,3021042,2,27617,0,0,30
Czerwonka,1411022,2,2647,0,0,14
Częstochowa,2464011,1,220433,0,0,24
Człopa,3217023,3,4891,0,0,32
Człuchów,2203011,1,13624,15,1.10099823840282,22
Człuchów,2203032,2,11128,0,0,22
Czorsztyn,1211042,2,7663,0,0,12
Czosnów,1414022,2,9991,0,0,14
Czudec,1819012,2,11808,0,0,18
Czyże,2005042,2,1960,0,0,20
Czyżew,2013033,3,6352,70,5.51007556675063,20
Ćmielów,2607043,3,7330,0,0,26
Daleszyce,2604053,3,15865,0,0,26
Dalików,1011012,2,3920,0,0,10
Damasławek,3028022,2,5326,0,0,30
Damnica,2212022,2,6093,0,0,22
Darłowo,3213011,1,13695,0,0,32
Darłowo,3213032,2,7949,0,0,32
Daszyna,1004022,2,3878,0,0,10
Dąbie,0802042,2,4923,0,0,08
Dąbie,3009043,3,6284,0,0,30
Dąbrowa,1609022,2,8269,45,1.81400411174265,16
Dąbrowa,0409012,2,4600,0,0,04
Dąbrowa Białostocka,2011013,3,11336,0,0,20
Dąbrowa Biskupia,0407022,2,5104,0,0,04
Dąbrowa Chełmińska,0403022,2,8369,0,0,04
Dąbrowa Górnicza,2465011,1,119373,0,0,24
Dąbrowa Tarnowska,1204023,3,21256,50,2.35227700414001,12
Dąbrowa Zielona,2404022,2,3860,0,0,24
Dąbrowice,1002032,2,1902,0,0,10
Dąbrówka,1434052,2,8150,15,1.84049079754601,14
Dąbrówno,2815022,2,4283,0,0,28
Debrzno,2203043,3,8984,0,0,22
Deszczno,0801032,2,9942,0,0,08
Dębe Wielkie,1412052,2,10518,0,0,14
Dębica,1803011,1,45504,0,0,18
Dębica,1803042,2,25849,0,0,18
Dęblin,0616011,1,16058,0,0,06
Dębnica Kaszubska,2212032,2,9534,0,0,22
Dębno,1202042,2,14746,15,1.01722501017225,12
Dębno,3210033,3,20486,0,0,32
Dębowa Kłoda,0613012,2,3920,0,0,06
Dębowa Łąka,0417022,2,3165,0,0,04
Dębowiec,1805032,2,8867,0,0,18
Dębowiec,2403062,2,5833,0,0,24
Długołęka,0223022,2,33838,15,0.443288610437969,02
Długosiodło,1435022,2,7779,0,0,14
Dłutów,1008032,2,4657,0,0,10
Dmosin,1021032,2,4463,0,0,10
Dobczyce,1209013,3,15321,0,0,12
Dobiegniew,0806013,3,6536,15,2.29498164014688,08
Dobra,3218013,3,4363,15,3.43800137520055,32
Dobra,1207032,2,9983,15,1.50255434238205,12
Dobra,3027033,3,6134,30,4.89077274209325,30
Dobra (Szczecińska),3211012,2,24292,0,0,32
Dobrcz,0403032,2,11802,0,0,04
Dobre,0411032,2,5352,0,0,04
Dobre,1412062,2,5985,0,0,14
Dobre Miasto,2814033,3,15844,0,0,28
Dobrodzień,1608013,3,9838,0,0,16
Dobromierz,0219032,2,5206,0,0,02
Dobroń,1008042,2,7728,0,0,10
Dobroszyce,0214032,2,6801,0,0,02
Dobryszyce,1012022,2,4502,0,0,10
Dobrzany,3214033,3,4800,0,0,32
Dobrzeń Wielki,1609032,2,9478,0,0,16
Dobrzyca,3020033,3,8128,40,4.92125984251969,30
Dobrzyniewo Duże,2002032,2,9423,15,1.59184972938555,20
Dobrzyń nad Wisłą,0408043,3,7584,0,0,04
Dolice,3214042,2,7802,0,0,32
Dolsk,3026023,3,5883,0,0,30
Dołhobyczów,0604022,2,5353,0,0,06
Domanice,1426012,2,2610,0,0,14
Domaniewice,1005042,2,4650,0,0,10
Domaniów,0215022,2,5162,20,3.87446726075165,02
Domaradz,1802022,2,6100,0,0,18
Domaszowice,1606012,2,3569,0,0,16
Dominowo,3025012,2,3079,0,0,30
Dopiewo,3021052,2,28138,0,0,30
Dorohusk,0603042,2,6387,0,0,06
Doruchów,3018022,2,5383,0,0,30
Dragacz,0414022,2,7216,0,0,04
Drawno,3202033,3,5053,20,3.9580447259054,32
Drawsko,3002032,2,5775,30,5.19480519480519,30
Drawsko Pomorskie,3203023,3,17174,0,0,32
Drelów,0601042,2,5367,0,0,06
Drezdenko,0806023,3,17100,30,1.75438596491228,08
Drobin,1419053,3,7891,15,1.90089975921936,14
Drohiczyn,2010023,3,6222,0,0,20
Drużbice,1001032,2,5237,0,0,10
Drwinia,1201032,2,6534,0,0,12
Drzewica,1007023,3,10424,0,0,10
Drzycim,0414032,2,4897,0,0,04
Dubeninki,2818022,2,2886,0,0,28
Dubicze Cerkiewne,2005052,2,1484,0,0,20
Dubiecko,1813022,2,9143,20,2.18746582084655,18
Dubienka,0603052,2,2315,0,0,06
Dukla,1807023,3,14554,0,0,18
Duszniki,3024022,2,9109,0,0,30
Duszniki-Zdrój,0208011,1,4545,0,0,02
Dwikozy,2609022,2,8709,0,0,26
Dydnia,1802032,2,7914,30,3.79075056861259,18
Dygowo,3208022,2,5592,0,0,32
Dynów,1816052,2,6893,0,0,18
Dynów,1816011,1,6120,0,0,18
Dywity,2814042,2,12004,0,0,28
Dziadkowice,2010032,2,2724,0,0,20
Dziadowa Kłoda,0214042,2,4598,0,0,02
Działdowo,2803011,1,21274,30,1.410172040989,28
Działdowo,2803022,2,9821,0,0,28
Działoszyce,2608013,3,4900,18,3.6734693877551,26
Działoszyn,1009013,3,12444,0,0,10
Dziemiany,2206022,2,4410,0,0,22
Dzierzążnia,1420052,2,3632,0,0,14
Dzierzgoń,2216013,3,9225,25,2.710027100271,22
Dzierzgowo,1413022,2,3051,0,0,14
Dzierzkowice,0607032,2,5274,0,0,06
Dzierżoniów,0202052,2,9092,25,2.74967003959525,02
Dzierżoniów,0202021,1,33137,0,0,02
Dzikowiec,1806062,2,6484,0,0,18
Dziwnów,3207013,3,3957,0,0,32
Dzwola,0605032,2,6241,0,0,06
Dźwierzuty,2817022,2,6492,0,0,28
Elbląg,2804012,2,7563,0,0,28
Elbląg,2861011,1,119317,0,0,28
Ełk,2805022,2,11820,20,1.69204737732657,28
Ełk,2805011,1,62109,15,0.241510892141236,28
Fabianki,0418072,2,10107,0,0,04
Fajsławice,0606022,2,4570,0,0,06
Fałków,2605012,2,4393,0,0,26
Filipów,2012022,2,4292,30,6.98974836905871,20
Firlej,0608032,2,5885,0,0,06
Frampol,0602053,3,6095,0,0,06
Fredropol,1813032,2,5497,0,0,18
Frombork,2802033,3,3555,0,0,28
Frysztak,1819022,2,10361,0,0,18
Gać,1814032,2,4627,0,0,18
Galewice,1018032,2,6115,0,0,10
Garbatka-Letnisko,1407012,2,5001,0,0,14
Garbów,0609042,2,9064,0,0,06
Gardeja,2207022,2,8421,0,0,22
Garwolin,1403042,2,13273,24,1.80818202365705,14
Garwolin,1403011,1,17602,0,0,14
Gaszowice,2412022,2,9798,0,0,24
Gawłuszowice,1811042,2,2727,0,0,18
Gaworzyce,0216022,2,3991,30,7.51691305437234,02
Gąbin,1419063,3,11025,0,0,14
Gąsawa,0419022,2,5304,0,0,04
Gdańsk,2261011,1,470907,0,0,22
Gdów,1219022,2,18296,0,0,12
Gdynia,2262011,1,246348,40,0.16237192914089,22
Giby,2009022,2,2694,0,0,20
Gidle,1012032,2,6062,0,0,10
Gielniów,1423022,2,4542,0,0,14
Gierałtowice,2405032,2,12183,0,0,24
Gietrzwałd,2814052,2,6685,20,2.99177262528048,28
Gilowice,2417032,2,6251,0,0,24
Gizałki,3020042,2,4602,0,0,30
Giżycko,2806011,1,29307,0,0,28
Giżycko,2806042,2,8510,0,0,28
Glinojeck,1402033,3,7832,0,0,14
Gliwice,2466011,1,178603,0,0,24
Głogów,0203022,2,6791,0,0,02
Głogów,0203011,1,66980,15,0.223947446999104,02
Głogów Małopolski,1816063,3,19658,0,0,18
Głogówek,1610023,3,13221,0,0,16
Głowaczów,1407022,2,7166,0,0,14
Głowno,1020011,1,14119,0,0,10
Głowno,1020052,2,4808,0,0,10
Główczyce,2212042,2,8979,0,0,22
Głubczyce,1602033,3,22280,0,0,16
Głuchołazy,1607013,3,23643,0,0,16
Głuchów,1015022,2,5724,20,3.49406009783368,10
Głusk,0609052,2,11557,0,0,06
Głuszyca,0221053,3,8605,15,1.74317257408483,02
Gniew,2214023,3,15443,0,0,22
Gniewino,2215052,2,7436,0,0,22
Gniewkowo,0407033,3,14388,0,0,04
Gniewoszów,1407032,2,3878,25,6.44662197008767,14
Gniezno,3003011,1,68217,30,0.43977307709222,30
Gniezno,3003032,2,12268,0,0,30
Gnojnik,1202052,2,8029,35,2.1795989537925,12
Gnojno,2601022,2,4351,15,3.44748333716387,26
Goczałkowice-Zdrój,2410012,2,6755,0,0,24
Godkowo,2804022,2,3011,0,0,28
Godów,2415052,2,13813,0,0,24
Godzianów,1015032,2,2644,0,0,10
Godziesze Wielkie,3007042,2,9591,0,0,30
Godziszów,0605042,2,5801,0,0,06
Gogolin,1605013,3,12662,0,0,16
Golczewo,3207023,3,5871,0,0,32
Goleniów,3204023,3,36088,30,0.831301263577921,32
Goleszów,2403072,2,13142,15,1.14137878557297,24
Golina,3010013,3,12079,0,0,30
Golub-Dobrzyń,0405011,1,12546,0,0,04
Golub-Dobrzyń,0405032,2,8781,0,0,04
Gołańcz,3028033,3,8293,0,0,30
Gołcza,1208022,2,6047,30,4.96113775425831,12
Gołdap,2818033,3,20132,0,0,28
Gołuchów,3020052,2,10777,0,0,30
Gołymin-Ośrodek,1402042,2,3752,0,0,14
Gomunice,1012042,2,5860,0,0,10
Goniądz,2008013,3,4932,15,3.04136253041363,20
Goraj,0602062,2,4097,0,0,06
Gorlice,1205042,2,17278,15,0.868156036578308,12
Gorlice,1205011,1,27357,20,0.731074313703988,12
Gorzkowice,1010032,2,8506,0,0,10
Gorzków,0606032,2,3429,0,0,06
Gorzów Śląski,1608023,3,7131,0,0,16
Gorzów Wielkopolski,0861011,1,123609,15,0.121350387107735,08
Gorzyce,2415062,2,21338,30,1.40594245008904,24
Gorzyce,1820022,2,13102,0,0,18
Gostycyn,0416022,2,5196,20,3.84911470361817,04
Gostynin,1404022,2,12005,0,0,14
Gostynin,1404011,1,18527,0,0,14
Gostyń,3004023,3,28192,0,0,30
Goszczanów,1014062,2,5466,0,0,10
Goszczyn,1406042,2,2971,50,16.8293503870751,14
Gościeradów,0607042,2,7209,0,0,06
Gościno,3208033,3,5138,0,0,32
Gowarczów,2605022,2,4583,0,0,26
Goworowo,1415042,2,8275,0,0,14
Gozdnica,0810011,1,3000,0,0,08
Gozdowo,1427022,2,5943,0,0,14
Góra,0204013,3,19878,0,0,02
Góra Kalwaria,1418013,3,27063,0,0,14
Góra Świętej Małgorzaty,1004032,2,4345,0,0,10
Górno,2604062,2,14559,0,0,26
Górowo Iławeckie,2801021,1,3940,0,0,28
Górowo Iławeckie,2801052,2,6811,0,0,28
Górzno,0402053,3,3913,0,0,04
Górzno,1403052,2,6541,0,0,14
Górzyca,0805022,2,4299,0,0,08
Gózd,1425022,2,8978,0,0,14
Grabica,1010042,2,6053,0,0,10
Grabowiec,0620022,2,3949,0,0,06
Grabowo,2006022,2,3399,30,8.8261253309797,20
Grabów,1004042,2,5892,0,0,10
Grabów nad Pilicą,1407042,2,3899,0,0,14
Grabów nad Prosną,3018033,3,7817,15,1.91889471664321,30
Grajewo,2004011,1,21900,60,2.73972602739726,20
Grajewo,2004022,2,5789,0,0,20
Granowo,3005012,2,5068,0,0,30
Grębków,1433022,2,4443,30,6.75219446320054,14
Grębocice,0216032,2,5402,15,2.77674935209182,02
Gręboszów,1204032,2,3333,15,4.5004500450045,12
Grębów,1820032,2,9984,0,0,18
Grodków,1601033,3,19087,0,0,16
Grodziczno,2812032,2,6308,0,0,28
Grodziec,3010022,2,5160,0,0,30
Grodzisk,2010042,2,4169,10,2.39865675221876,20
Grodzisk Mazowiecki,1405043,3,48907,0,0,14
Grodzisk Wielkopolski,3005023,3,20064,0,0,30
Grodzisko Dolne,1808022,2,8026,0,0,18
Gromadka,0201032,2,5337,25,4.68427955780401,02
Gromnik,1216022,2,8922,0,0,12
Gronowo Elbląskie,2804032,2,5127,0,0,28
Gródek,2002042,2,5141,0,0,20
Gródek nad Dunajcem,1210032,2,9252,60,3.24254215304799,12
Grójec,1406053,3,25855,0,0,14
Grudusk,1402052,2,3586,20,5.57724484104852,14
Grudziądz,0406012,2,12954,0,0,04
Grudziądz,0462011,1,94368,0,0,04
Grunwald,2815032,2,5638,0,0,28
Gruta,0406022,2,6396,0,0,04
Grybów,1210011,1,6026,0,0,12
Grybów,1210042,2,25579,0,0,12
Gryfice,3205023,3,23757,0,0,32
Gryfino,3206043,3,31827,0,0,32
Gryfów Śląski,0212013,3,9667,0,0,02
Grzegorzew,3009052,2,5693,20,3.51308624626735,30
Grzmiąca,3215052,2,4665,0,0,32
Gubin,0802011,1,16614,0,0,08
Gubin,0802052,2,7138,0,0,08
Gzy,1424012,2,3754,0,0,14
Haczów,1802042,2,9113,0,0,18
Hajnówka,2005011,1,20488,0,0,20
Hajnówka,2005062,2,3843,0,0,20
Halinów,1412073,3,16336,30,1.83643486777669,14
Hanna,0619022,2,2844,0,0,06
Hańsk,0619032,2,3697,0,0,06
Harasiuki,1812012,2,6074,0,0,18
Hażlach,2403082,2,10915,0,0,24
Hel,2211011,1,3261,0,0,22
Herby,2407042,2,6797,0,0,24
Horodło,0604032,2,5102,0,0,06
Horyniec-Zdrój,1809032,2,4659,0,0,18
Hrubieszów,0604011,1,17528,0,0,06
Hrubieszów,0604042,2,9980,0,0,06
Huszlew,1410012,2,2813,0,0,14
Hyżne,1816072,2,7062,0,0,18
Igołomia-Wawrzeńczyce,1206022,2,7698,0,0,12
Iława,2807032,2,12988,20,1.53988296889436,28
Iława,2807011,1,33327,40,1.20022804332823,28
Iłowa,0810043,3,6842,0,0,08
Iłowo-Osada,2803032,2,7192,15,2.08565072302558,28
Iłów,1428032,2,6132,20,3.26157860404436,14
Iłża,1425033,3,14656,35,2.38810043668122,14
Imielin,2414021,1,9189,0,0,24
Imielno,2602012,2,4338,0,0,26
Inowłódz,1016052,2,3825,0,0,10
Inowrocław,0407011,1,72561,0,0,04
Inowrocław,0407042,2,11825,0,0,04
Ińsko,3214053,3,3346,0,0,32
Irządze,2416032,2,2601,0,0,24
Istebna,2403092,2,12159,0,0,24
Iwaniska,2606022,2,6616,0,0,26
Iwanowice,1206032,2,9164,75,4.09209951986032,12
Iwierzyce,1815012,2,7735,0,0,18
Iwkowa,1202062,2,6483,0,0,12
Iwonicz-Zdrój,1807033,3,10886,0,0,18
Izabelin,1432022,2,10572,0,0,14
Izbica,0606042,2,8124,0,0,06
Izbica Kujawska,0418083,3,7657,0,0,04
Izbicko,1611012,2,5412,0,0,16
Jabłonka,1211052,2,18664,0,0,12
Jabłonna,0609062,2,8054,0,0,06
Jabłonna,1408022,2,19659,0,0,14
Jabłonna Lacka,1429042,2,4417,0,0,14
Jabłonowo Pomorskie,0402073,3,8872,0,0,04
Jabłoń,0613022,2,3874,0,0,06
Jadów,1434062,2,7462,0,0,14
Jaktorów,1405052,2,12471,0,0,14
Jakubów,1412082,2,5101,0,0,14
Janikowo,0407053,3,13067,0,0,04
Janowice Wielkie,0206052,2,4302,0,0,02
Janowiec,0614032,2,3668,0,0,06
Janowiec Kościelny,2811012,2,3202,0,0,28
Janowiec Wielkopolski,0419033,3,9008,0,0,04
Janowo,2811022,2,2654,0,0,28
Janów,2011022,2,4098,0,0,20
Janów,2404032,2,5984,0,0,24
Janów Lubelski,0605053,3,15874,0,0,06
Janów Podlaski,0601052,2,5285,0,0,06
Jaraczewo,3006013,3,8142,0,0,30
Jarczów,0618032,2,3371,30,8.89943636902996,06
Jarocin,3006023,3,45731,60,0.656010146290263,30
Jarocin,1812022,2,5372,0,0,18
Jarosław,1804011,1,37479,15,0.400224125510286,18
Jarosław,1804042,2,13213,0,0,18
Jasienica,2402052,2,24419,0,0,24
Jasienica Rosielna,1802052,2,7845,0,0,18
Jasieniec,1406062,2,5376,35,6.51041666666667,14
Jasień,0811043,3,6991,0,0,08
Jasionówka,2008022,2,2765,15,5.4249547920434,20
Jasło,1805011,1,34882,0,0,18
Jasło,1805042,2,16357,0,0,18
Jastarnia,2211023,3,3690,0,0,22
Jastków,0609072,2,14185,0,0,06
Jastrowie,3031023,3,11500,0,0,30
Jastrząb,1430022,2,5196,0,0,14
Jastrzębia,1425042,2,6996,80,5.71755288736421,14
Jastrzębie-Zdrój,2467011,1,88743,50,0.563424720823051,24
Jaśliska,1807102,2,2185,20,9.1533180778032,18
Jaświły,2008032,2,4847,0,0,20
Jawor,0205011,1,22758,0,0,02
Jawornik Polski,1814042,2,4456,0,0,18
Jaworze,2402062,2,7395,0,0,24
Jaworzno,2468011,1,91115,30,0.164627119574165,24
Jaworzyna Śląska,0219043,3,10239,0,0,02
Jedlicze,1807043,3,15432,0,0,18
Jedlina-Zdrój,0221021,1,4820,0,0,02
Jedlińsk,1425052,2,14548,0,0,14
Jedlnia-Letnisko,1425062,2,12838,0,0,14
Jednorożec,1422042,2,7081,30,4.23668973308855,14
Jedwabne,2007013,3,5299,12,2.2645782223061,20
Jedwabno,2817032,2,3631,0,0,28
Jejkowice,2412032,2,4154,0,0,24
Jelcz-Laskowice,0215033,3,23292,0,0,02
Jelenia Góra,0261011,1,79061,0,0,02
Jeleniewo,2012032,2,3149,0,0,20
Jeleśnia,2417042,2,13275,0,0,24
Jemielnica,1611022,2,7236,0,0,16
Jemielno,0204022,2,2997,0,0,02
Jerzmanowa,0203032,2,5156,15,2.90923196276183,02
Jerzmanowice-Przeginia,1206042,2,10964,0,0,12
Jeziora Wielkie,0409022,2,4860,0,0,04
Jeziorany,2814063,3,7669,0,0,28
Jeziorzany,0608042,2,2773,0,0,06
Jeżewo,0414042,2,8074,40,2.4770869457518,04
Jeżowe,1812032,2,10096,0,0,18
Jeżów,1021042,2,3375,0,0,10
Jeżów Sudecki,0206062,2,7456,0,0,02
Jędrzejów,2602023,3,27898,0,0,26
Jodłowa,1803052,2,5359,0,0,18
Jodłownik,1207042,2,8690,0,0,12
Joniec,1420062,2,2655,0,0,14
Jonkowo,2814072,2,7430,0,0,28
Jordanów,1215011,1,5366,0,0,12
Jordanów,1215052,2,11180,0,0,12
Jordanów Śląski,0223032,2,3179,0,0,02
Józefów,0602073,3,6733,15,2.22783306104263,06
Józefów,1417011,1,20724,0,0,14
Józefów nad Wisłą,0612023,3,6515,0,0,06
Juchnowiec Kościelny,2002052,2,16572,0,0,20
Jutrosin,3022023,3,7053,30,4.25350914504466,30
Kaczory,3019032,2,7860,0,0,30
Kadzidło,1415052,2,11363,0,0,14
Kalety,2413011,1,8589,0,0,24
Kalinowo,2805032,2,6660,0,0,28
Kaliska,2213052,2,5401,0,0,22
Kalisz,3061011,1,100246,0,0,30
Kalisz Pomorski,3203033,3,7372,0,0,32
Kalwaria Zebrzydowska,1218033,3,20012,30,1.49910053967619,12
Kałuszyn,1412093,3,5825,20,3.43347639484979,14
Kamienica,1207052,2,7850,0,0,12
Kamienica Polska,2404042,2,5567,0,0,24
Kamieniec,3005032,2,6673,0,0,30
Kamieniec Ząbkowicki,0224032,2,8086,0,0,02
Kamienna Góra,0207011,1,18840,0,0,02
Kamienna Góra,0207022,2,9035,0,0,02
Kamiennik,1607022,2,3444,0,0,16
Kamień,1816082,2,6860,15,2.1865889212828,18
Kamień,0603062,2,4167,0,0,06
Kamień Krajeński,0413013,3,6906,0,0,04
Kamień Pomorski,3207033,3,14377,0,0,32
Kamieńsk,1012053,3,5877,0,0,10
Kamionka,0608052,2,6485,0,0,06
Kamionka Wielka,1210052,2,10432,23,2.20475460122699,12
Kampinos,1432032,2,4347,0,0,14
Kańczuga,1814053,3,12307,0,0,18
Karczew,1417043,3,15899,0,0,14
Karczmiska,0612032,2,5570,0,0,06
Kargowa,0809043,3,5821,0,0,08
Karlino,3201033,3,9137,0,0,32
Karnice,3205032,2,3977,0,0,32
Karniewo,1411032,2,5176,0,0,14
Karpacz,0206011,1,4570,0,0,02
Karsin,2206032,2,6239,0,0,22
Kartuzy,2205023,3,34013,0,0,22
Katowice,2469011,1,292774,18,0.0614808692028664,24
Kawęczyn,3027042,2,5195,0,0,30
Kazanów,1436012,2,4504,0,0,14
Kazimierz Biskupi,3010032,2,11487,0,0,30
Kazimierz Dolny,0614043,3,6639,0,0,06
Kazimierza Wielka,2603033,3,16118,0,0,26
Kaźmierz,3024032,2,8755,67,7.6527698458024,30
Kąkolewnica,0615042,2,8024,0,0,06
Kąty Wrocławskie,0223043,3,25282,30,1.18661498299185,02
Kcynia,0410013,3,13361,0,0,04
Kędzierzyn-Koźle,1603011,1,60641,0,0,16
Kępice,2212053,3,9063,0,0,22
Kępno,3008033,3,24482,0,0,30
Kęsowo,0416032,2,4493,10,2.22568439795237,04
Kętrzyn,2808011,1,27056,0,0,28
Kętrzyn,2808032,2,8230,0,0,28
Kęty,1213043,3,34157,0,0,12
Kielce,2661011,1,194852,70,0.179623509124874,26
Kiełczygłów,1009022,2,3981,0,0,10
Kiernozia,1005052,2,3366,0,0,10
Kietrz,1602043,3,10822,50,4.62021807429311,16
Kije,2608022,2,4373,0,0,26
Kijewo Królewskie,0404032,2,4516,10,2.21434898139947,04
Kikół,0408052,2,7102,0,0,04
Kisielice,2807043,3,5997,30,5.00250125062531,28
Kiszkowo,3003042,2,5443,0,0,30
Kiwity,2809022,2,3286,0,0,28
Kleczew,3010043,3,9947,0,0,30
Klembów,1434072,2,9968,0,0,14
Kleszczele,2005073,3,2466,0,0,20
Kleszczewo,3021062,2,8868,0,0,30
Kleszczów,1001042,2,6335,0,0,10
Klimontów,2609033,2,7994,0,0,26
Klonowa,1014072,2,2870,0,0,10
Kluczbork,1604023,3,35938,0,0,16
Klucze,1212042,2,14973,0,0,12
Kluczewsko,2613012,2,5197,15,2.88628054646912,26
Kluki,1001052,2,4372,0,0,10
Klukowo,2013042,2,4346,0,0,20
Klwów,1423032,2,3380,0,0,14
Kłaj,1219032,2,10768,0,0,12
Kłecko,3003053,3,7452,20,2.68384326355341,30
Kłobuck,2406013,3,20327,0,0,24
Kłoczew,0616022,2,7142,0,0,06
Kłodawa,0801042,2,8677,45,2.59306211824363,08
Kłodawa,3009063,3,12801,0,0,30
Kłodzko,0208072,2,17112,15,0.876577840112202,02
Kłodzko,0208021,1,26742,15,0.560915413955576,02
Kłomnice,2404052,2,13471,30,2.22700616138371,24
Knurów,2405011,1,38112,0,0,24
Knyszyn,2008043,3,4750,0,0,20
Kobiele Wielkie,1012062,2,4444,0,0,10
Kobierzyce,0223052,2,21760,0,0,02
Kobiór,2410022,2,4905,30,6.11620795107034,24
Kobyla Góra,3018042,2,6139,0,0,30
Kobylanka,3214062,2,5714,0,0,32
Kobylin,3012023,3,8090,0,0,30
Kobylin-Borzymy,2013052,2,3197,0,0,20
Kobylnica,2212062,2,12848,0,0,22
Kobyłka,1434011,1,24414,0,0,14
Kochanowice,2407052,2,6938,0,0,24
Kocierzew Południowy,1005062,2,4204,30,7.1360608943863,10
Kock,0608063,3,6349,0,0,06
Kocmyrzów-Luborzyca,1206052,2,15776,20,1.26774847870183,12
Koczała,2203052,2,3356,20,5.95947556615018,22
Kodeń,0601062,2,3524,0,0,06
Kodrąb,1012072,2,4514,0,0,10
Kolbudy,2204032,2,17839,35,0.980996692639722,22
Kolbuszowa,1806023,3,24724,0,0,18
Kolno,2006011,1,10199,0,0,20
Kolno,2006032,2,8525,0,0,20
Kolno,2814082,2,3137,0,0,28
Kolonowskie,1611033,3,5874,0,0,16
Kolsko,0804032,2,3311,20,6.04047115675023,08
Koluszki,1006073,3,23368,0,0,10
Kołaczkowo,3030012,2,6025,15,2.4896265560166,30
Kołaczyce,1805053,3,8929,0,0,18
Kołaki Kościelne,2014022,2,2289,0,0,20
Kołbaskowo,3211022,2,13436,0,0,32
Kołbiel,1417052,2,8230,0,0,14
Kołczygłowy,2201042,2,4237,0,0,22
Koło,3009011,1,21686,0,0,30
Koło,3009072,2,7795,0,0,30
Kołobrzeg,3208011,1,46259,190,2.05365442400398,32
Kołobrzeg,3208042,2,10982,0,0,32
Komańcza,1817042,2,4541,0,0,18
Komarów-Osada,0620032,2,4939,0,0,06
Komarówka Podlaska,0615052,2,4185,0,0,06
Komorniki,3021072,2,30620,0,0,30
Komprachcice,1609042,2,9120,0,0,16
Konarzyny,2202052,2,2311,0,0,22
Kondratowice,0217022,2,4276,0,0,02
Koneck,0401062,2,3125,0,0,04
Koniecpol,2404063,3,9408,40,2.12585034013605,24
Konin,3062011,1,73522,0,0,30
Koniusza,1214012,2,9007,0,0,12
Konopiska,2404072,2,10736,0,0,24
Konopnica,0609082,2,14083,0,0,06
Konopnica,1017032,2,3772,0,0,10
Konstancin-Jeziorna,1418023,3,24726,0,0,14
Konstantynów,0601072,2,4110,0,0,06
Konstantynów Łódzki,1008011,1,18206,0,0,10
Końskie,2605033,3,35112,0,0,26
Końskowola,0614052,2,8813,0,0,06
Koprzywnica,2609043,3,6634,0,0,26
Korczew,1426022,2,2599,0,0,14
Korczyna,1807052,2,11207,0,0,18
Korfantów,1607033,3,8734,0,0,16
Kornowac,2411022,2,5159,0,0,24
Koronowo,0403043,3,24056,0,0,04
Korsze,2808043,3,9646,0,0,28
Korycin,2011032,2,3202,0,0,20
Korytnica,1433032,2,6218,0,0,14
Korzenna,1210062,2,14497,20,1.37959577843692,12
Kosakowo,2211052,2,15589,0,0,22
Kosów Lacki,1429053,3,5947,0,0,14
Kostomłoty,0218012,2,7119,0,0,02
Kostrzyn,3021083,3,18491,0,0,30
Kostrzyn nad Odrą,0801011,1,17730,0,0,08
Koszalin,3261011,1,107048,0,0,32
Koszarawa,2417052,2,2367,0,0,24
Koszęcin,2407062,2,11815,0,0,24
Koszyce,1214023,3,5454,0,0,12
Kościan,3011011,1,23876,0,0,30
Kościan,3011032,2,16144,0,0,30
Kościelec,3009082,2,6855,0,0,30
Kościelisko,1217042,2,8846,0,0,12
Kościerzyna,2206011,1,23742,0,0,22
Kościerzyna,2206042,2,16091,0,0,22
Kotla,0203042,2,4455,0,0,02
Kotlin,3006032,2,7442,0,0,30
Kotuń,1426032,2,8501,0,0,14
Kowal,0418011,1,3505,30,8.55920114122682,04
Kowal,0418092,2,3918,0,0,04
Kowala,1425072,2,12247,25,2.04131624071201,14
Kowale Oleckie,2813032,2,4960,0,0,28
Kowalewo Pomorskie,0405043,3,11453,0,0,04
Kowary,0206021,1,10813,20,1.8496254508462,02
Kowiesy,1015042,2,2909,0,0,10
Koziegłowy,2409023,3,14320,0,0,24
Kozielice,3212022,2,2477,0,0,32
Kozienice,1407053,3,29421,0,0,14
Kozłowo,2811032,2,5998,24,2.00066688896299,28
Kozłów,1208032,2,4582,0,0,12
Kozy,2402072,2,13024,0,0,24
Koźmin Wielkopolski,3012033,3,13211,0,0,30
Koźminek,3007052,2,7547,0,0,30
Kożuchów,0804043,3,15881,0,0,08
Kórnik,3021093,3,29787,0,0,30
Krajenka,3031033,3,7534,0,0,30
Kraków,1261011,1,779115,30,0.0385052270845767,12
Kramsk,3010052,2,11250,0,0,30
Krapkowice,1605023,3,22568,0,0,16
Krasiczyn,1813042,2,5144,0,0,18
Krasne,1816092,2,11558,0,0,18
Krasne,1422052,2,3610,0,0,14
Krasnobród,0620043,3,7097,0,0,06
Krasnopol,2009032,2,3792,0,0,20
Krasnosielc,1411042,2,6352,15,2.36146095717884,14
Krasnystaw,0606011,1,18630,0,0,06
Krasnystaw,0606052,2,8529,0,0,06
Krasocin,2613022,2,10620,0,0,26
Kraszewice,3018052,2,3621,0,0,30
Kraśniczyn,0606062,2,3639,0,0,06
Kraśnik,0607052,2,7323,0,0,06
Kraśnik,0607011,1,34230,0,0,06
Krempna,1805062,2,1861,0,0,18
Krobia,3004033,3,12994,15,1.15437894412806,30
Kroczyce,2416042,2,6306,0,0,24
Krokowa,2211062,2,10816,0,0,22
Krosno,1861011,1,46291,0,0,18
Krosno Odrzańskie,0802063,3,17670,0,0,08
Krościenko nad Dunajcem,1211062,2,6802,0,0,12
Krościenko Wyżne,1807062,2,5613,0,0,18
Krośnice,0213022,2,8139,0,0,02
Krośniewice,1002043,3,8343,0,0,10
Krotoszyce,0209032,2,3319,0,0,02
Krotoszyn,3012043,3,40341,0,0,30
Kruklanki,2806052,2,3125,0,0,28
Krupski Młyn,2413052,2,3185,0,0,24
Kruszwica,0407063,3,19213,0,0,04
Kruszyna,2404082,2,4806,30,6.24219725343321,24
Krynica Morska,2210011,1,1286,0,0,22
Krynica-Zdrój,1210073,3,16680,0,0,12
Krynice,0618042,2,3217,0,0,06
Krynki,2011043,3,3037,0,0,20
Krypno,2008052,2,3973,0,0,20
Krzanowice,2411033,3,5742,0,0,24
Krzczonów,0609092,2,4369,0,0,06
Krzemieniewo,3013012,2,8301,0,0,30
Krzepice,2406023,3,9111,0,0,24
Krzeszowice,1206063,3,32129,30,0.933735877244857,12
Krzeszów,1812042,2,4261,0,0,18
Krzeszyce,0807012,2,4729,0,0,08
Krzęcin,3202042,2,3667,0,0,32
Krzykosy,3025022,2,7136,0,0,30
Krzymów,3010062,2,8112,0,0,30
Krzynowłoga Mała,1422062,2,3439,20,5.81564408258215,14
Krzywcza,1813052,2,4820,0,0,18
Krzywda,0611042,2,10451,0,0,06
Krzywiń,3011043,3,10043,0,0,30
Krzyż Wielkopolski,3002043,3,8693,0,0,30
Krzyżanowice,2411042,2,11274,20,1.77399325882562,24
Krzyżanów,1002052,2,4231,0,0,10
Ksawerów,1008052,2,7668,0,0,10
Książ Wielki,1208042,2,5073,0,0,12
Książ Wielkopolski,3026033,3,8495,0,0,30
Książki,0417032,2,4149,0,0,04
Księżpol,0602082,2,6888,0,0,06
Kuczbork-Osada,1437022,2,4714,0,0,14
Kudowa-Zdrój,0208031,1,9886,0,0,02
Kulesze Kościelne,2013062,2,3072,0,0,20
Kunice,0209042,2,7025,0,0,02
Kunów,2607053,3,9779,0,0,26
Kurów,0614062,2,7649,0,0,06
Kuryłówka,1808032,2,5709,0,0,18
Kurzętnik,2812042,2,9111,15,1.6463615409944,28
Kuślin,3015012,2,5523,0,0,30
Kutno,1002011,1,43911,0,0,10
Kutno,1002062,2,8716,0,0,10
Kuźnia Raciborska,2411053,3,11768,0,0,24
Kuźnica,2011052,2,3927,0,0,20
Kwidzyn,2207011,1,38418,0,0,22
Kwidzyn,2207032,2,11429,0,0,22
Kwilcz,3014022,2,6341,0,0,30
Lanckorona,1218042,2,6245,15,2.40192153722978,12
Laskowa,1207062,2,8206,0,0,12
Lasowice Wielkie,1604032,2,6827,0,0,16
Laszki,1804052,2,6922,0,0,18
Latowicz,1412102,2,5399,0,0,14
Lądek,3023022,2,5740,25,4.35540069686411,30
Lądek-Zdrój,0208083,3,8210,0,0,02
Legionowo,1408011,1,53886,15,0.2783654381472,14
Legnica,0262011,1,99350,70,0.704579768495219,02
Legnickie Pole,0209052,2,5196,20,3.84911470361817,02
Lelis,1415062,2,9707,0,0,14
Lelkowo,2802042,2,2817,0,0,28
Lelów,2404092,2,4824,0,0,24
Leoncin,1414032,2,5620,50,4.44839857651246,14
Lesko,1821033,3,11319,0,0,18
Leszno,1432042,2,10207,0,0,14
Leszno,3063011,1,63505,0,0,30
Lesznowola,1418032,2,28500,10,0.350877192982456,14
Leśna,0210033,3,9952,30,3.01446945337621,02
Leśna Podlaska,0601082,2,4287,0,0,06
Leśnica,1611043,3,7550,0,0,16
Leśniowice,0603072,2,3583,0,0,06
Lewin Brzeski,1601043,3,12940,20,1.54559505409583,16
Lewin Kłodzki,0208092,2,1923,0,0,02
Leżajsk,1808011,1,13799,0,0,18
Leżajsk,1808042,2,20257,0,0,18
Lębork,2208011,1,35273,0,0,22
Lędziny,2414031,1,16798,0,0,24
Lgota Wielka,1012082,2,4278,0,0,10
Libiąż,1203043,3,22342,0,0,12
Lichnowy,2209032,2,4613,0,0,22
Lidzbark,2803043,3,14052,0,0,28
Lidzbark Warmiński,2809011,1,15697,0,0,28
Lidzbark Warmiński,2809032,2,6692,0,0,28
Limanowa,1207011,1,15162,0,0,12
Limanowa,1207072,2,25607,0,0,12
Linia,2215062,2,6432,15,2.33208955223881,22
Liniewo,2206052,2,4597,0,0,22
Lipce Reymontowskie,1015052,2,3301,0,0,10
Lipiany,3212033,3,5832,0,0,32
Lipie,2406032,2,6224,0,0,24
Lipinki,1205052,2,6792,30,4.41696113074205,12
Lipinki Łużyckie,0811052,2,3375,0,0,08
Lipka,3031042,2,5509,20,3.63042294427301,30
Lipnica,2201052,2,5216,0,0,22
Lipnica Murowana,1201042,2,5659,0,0,12
Lipnica Wielka,1211072,2,6015,0,0,12
Lipnik,2606032,2,5206,15,2.88129081828659,26
Lipno,0408011,1,14371,80,5.56676640456475,04
Lipno,0408062,2,11870,0,0,04
Lipno,3013022,2,8382,0,0,30
Lipowa,2417062,2,10846,0,0,24
Lipowiec Kościelny,1413032,2,4781,0,0,14
Lipsk,2001043,3,5059,0,0,20
Lipsko,1409033,3,10970,0,0,14
Lipusz,2206062,2,3744,0,0,22
Lisewo,0404042,2,5199,0,0,04
Lisia Góra,1216032,2,15402,0,0,12
Lisków,3007062,2,5213,0,0,30
Liszki,1206072,2,17447,0,0,12
Liw,1433042,2,7344,0,0,14
Lniano,0414052,2,4322,25,5.78435909301249,04
Lubaczów,1809011,1,11970,0,0,18
Lubaczów,1809042,2,9187,0,0,18
Lubanie,0418102,2,4562,0,0,04
Lubań,0210011,1,20965,0,0,02
Lubań,0210042,2,6597,0,0,02
Lubartów,0608011,1,21828,0,0,06
Lubartów,0608072,2,11812,0,0,06
Lubasz,3002052,2,7701,0,0,30
Lubawa,2807052,2,10689,35,1.63719711853307,28
Lubawa,2807021,1,10388,0,0,28
Lubawka,0207033,3,10851,0,0,02
Lubenia,1816102,2,6439,0,0,18
Lubichowo,2213062,2,6646,0,0,22
Lubicz,0415042,2,20181,15,0.743273375947674,04
Lubień,1209022,2,10076,0,0,12
Lubień Kujawski,0418113,3,7325,0,0,04
Lubiewo,0416042,2,5981,0,0,04
Lubin,0211011,1,72300,0,0,02
Lubin,0211022,2,16178,0,0,02
Lubiszyn,0801052,2,6878,40,2.90782204129107,08
Lublin,0663011,1,339784,15,0.0441456925576248,06
Lubliniec,2407011,1,23757,0,0,24
Lubniewice,0807023,3,3158,0,0,08
Lubochnia,1016062,2,7197,15,2.08420175072947,10
Lubomia,2415072,2,7912,0,0,24
Lubomierz,0212023,3,6218,0,0,02
Lubomino,2809042,2,3596,0,0,28
Luboń,3021011,1,31941,0,0,30
Lubowidz,1437033,3,6849,0,0,14
Lubraniec,0418123,3,9437,15,1.58948818480449,04
Lubrza,1610032,2,4342,0,0,16
Lubrza,0808012,2,3567,40,11.2139052425007,08
Lubsko,0811063,3,18404,20,1.08672027820039,08
Lubsza,1601052,2,8984,0,0,16
Lubycza Królewska,0618053,3,6169,0,0,06
Ludwin,0610022,2,5641,0,0,06
Lutocin,1437042,2,4236,0,0,14
Lutomiersk,1008062,2,8639,0,0,10
Lutowiska,1801052,2,2060,0,0,18
Lututów,1018043,2,4596,0,0,10
Luzino,2215072,2,16539,0,0,22
Lwówek,3015023,3,9089,0,0,30
Lwówek Śląski,0212033,3,17268,0,0,02
Lyski,2412042,2,9654,0,0,24
Łabiszyn,0419043,3,10219,0,0,04
Łabowa,1210082,2,6089,0,0,12
Łabunie,0620052,2,6235,0,0,06
Ładzice,1012092,2,4757,0,0,10
Łagiewniki,0202062,2,7438,0,0,02
Łagów,2604073,3,6880,0,0,26
Łagów,0808022,2,4947,0,0,08
Łambinowice,1607042,2,7441,15,2.01585808359092,16
Łanięta,1002072,2,2430,0,0,10
Łańcut,1810042,2,21921,0,0,18
Łańcut,1810011,1,17711,0,0,18
Łapanów,1201052,2,8197,0,0,12
Łapsze Niżne,1211082,2,9379,0,0,12
Łapy,2002063,3,21848,0,0,20
Łasin,0406033,3,7839,40,2.55134583492792,04
Łask,1003023,3,27654,0,0,10
Łaskarzew,1403062,2,5475,30,5.47945205479452,14
Łaskarzew,1403021,1,4829,20,4.14164423276041,14
Łaszczów,0618063,3,5973,0,0,06
Łaziska,0612042,2,4896,0,0,06
Łaziska Górne,2408011,1,22202,0,0,24
Łazy,2416053,3,15893,0,0,24
Łąck,1419072,2,5408,0,0,14
Łącko,1210092,2,16522,50,3.02626800629464,12
Łączna,2610032,2,5008,0,0,26
Łeba,2208021,1,3601,0,0,22
Łęczna,0610033,3,23244,15,0.64532782653588,06
Łęczyca,1004011,1,13971,0,0,10
Łęczyca,1004052,2,8554,0,0,10
Łęczyce,2215082,2,12084,0,0,22
Łęka Opatowska,3008042,2,5356,0,0,30
Łękawica,2417072,2,4552,0,0,24
Łęki Szlacheckie,1010052,2,3452,0,0,10
Łęknica,0811011,1,2459,0,0,08
Łobez,3218023,3,13863,15,1.08201687946332,32
Łobżenica,3019043,3,9495,0,0,30
Łochów,1433053,3,17899,0,0,14
Łodygowice,2417082,2,14567,0,0,24
Łomazy,0601092,2,4906,0,0,06
Łomianki,1432053,3,27203,0,0,14
Łomża,2007022,2,11162,20,0.895896792689482,20
Łomża,2062011,1,62945,0,0,20
Łoniów,2609052,2,7451,0,0,26
Łopiennik Górny,0606072,2,3893,0,0,06
Łopuszno,2604082,2,8984,15,1.66963490650045,26
Łosice,1410023,3,10787,0,0,14
Łososina Dolna,1210102,2,11144,15,1.34601579325197,12
Łowicz,1005011,1,28224,0,0,10
Łowicz,1005072,2,7710,0,0,10
Łódź,1061011,1,679941,0,0,10
Łubianka,0415052,2,7293,0,0,04
Łubniany,1609052,2,9872,0,0,16
Łubnice,1018052,2,4029,0,0,10
Łubnice,2612022,2,4102,0,0,26
Łubowo,3003062,2,6743,0,0,30
Łukowa,0602092,2,4231,0,0,06
Łukowica,1207082,2,10062,30,2.98151460942159,12
Łuków,0611011,1,29728,30,1.00914962325081,06
Łuków,0611052,2,18230,0,0,06
Łukta,2815042,2,4455,0,0,28
Łużna,1205062,2,8535,25,2.92911540714704,12
Łyse,1415072,2,8384,0,0,14
Łysomice,0415062,2,10155,0,0,04
Łyszkowice,1005082,2,6693,0,0,10
Maciejowice,1403072,2,6909,0,0,14
Magnuszew,1407062,2,6742,0,0,14
Majdan Królewski,1806032,2,9818,0,0,18
Maków,1015062,2,5983,0,0,10
Maków Mazowiecki,1411011,1,9711,30,3.08928019771393,14
Maków Podhalański,1215063,3,16077,0,0,12
Malanów,3027052,2,6585,0,0,30
Malbork,2209011,1,38345,0,0,22
Malbork,2209042,2,4831,0,0,22
Malczyce,0218022,2,5952,0,0,02
Malechowo,3213042,2,6264,0,0,32
Mała Wieś,1419082,2,5968,0,0,14
Małdyty,2815052,2,6251,0,0,28
Małkinia Górna,1416052,2,11624,25,1.07536132140399,14
Małogoszcz,2602033,3,11536,0,0,26
Małomice,0810053,3,5174,0,0,08
Mały Płock,2006042,2,4739,0,0,20
Manowo,3209042,2,6948,25,3.59815774323546,32
Marcinowice,0219052,2,6519,0,0,02
Marciszów,0207042,2,4513,0,0,02
Margonin,3001043,3,6447,0,0,30
Marianowo,3214082,2,3113,0,0,32
Marki,1434021,1,35461,0,0,14
Marklowice,2415082,2,5405,0,0,24
Markowa,1810052,2,6481,0,0,18
Markusy,2804042,2,4048,0,0,28
Markuszów,0614072,2,2965,0,0,06
Masłowice,1012102,2,4161,0,0,10
Masłów,2604092,2,11063,0,0,26
Maszewo,0802072,2,2799,0,0,08
Maszewo,3204033,3,8777,0,0,32
Medyka,1813062,2,6542,0,0,18
Mełgiew,0617022,2,9928,0,0,06
Męcinka,0205032,2,5007,0,0,02
Mędrzechów,1204042,2,3433,0,0,12
Miasteczko Krajeńskie,3019052,2,3171,0,0,30
Miasteczko Śląskie,2413021,1,7442,0,0,24
Miastko,2201063,3,19509,0,0,22
Miastkowo,2007032,2,4218,0,0,20
Miastków Kościelny,1403082,2,4869,0,0,14
Miączyn,0620062,2,5726,0,0,06
Michałowice,1421042,2,18321,0,0,14
Michałowice,1206082,2,10762,45,2.09068946292511,12
Michałowo,2002073,3,6565,0,0,20
Michałów,2608032,2,4564,0,0,26
Michów,0608082,2,5849,0,0,06
Miechów,1208053,3,19645,0,0,12
Miedziana Góra,2604102,2,11632,0,0,26
Miedzichowo,3015032,2,3695,0,0,30
Miedzna,1433062,2,3812,0,0,14
Miedźna,2410032,2,16590,0,0,24
Miedźno,2406042,2,7548,0,0,24
Miejsce Piastowe,1807072,2,13691,30,1.09561025491199,18
Miejska Górka,3022033,3,9249,0,0,30
Mielec,1811011,1,60323,0,0,18
Mielec,1811052,2,13389,0,0,18
Mieleszyn,3003072,2,4038,0,0,30
Mielnik,2010052,2,2319,0,0,20
Mielno,3209053,3,4888,0,0,32
Mieroszów,0221063,3,6760,0,0,02
Mierzęcice,2401052,2,7635,0,0,24
Mieszkowice,3206053,3,7047,0,0,32
Mieścisko,3028042,2,5937,0,0,30
Mietków,0223062,2,3759,0,0,02
Międzybórz,0214053,3,5092,0,0,02
Międzychód,3014033,3,18391,0,0,30
Międzylesie,0208103,3,7168,0,0,02
Międzyrzec Podlaski,0601102,2,10467,102,3.24830419413394,06
Międzyrzec Podlaski,0601011,1,16753,0,0,06
Międzyrzecz,0803023,3,24815,0,0,08
Międzyzdroje,3207043,3,6452,0,0,32
Miękinia,0218032,2,17006,0,0,02
Mikołajki,2810023,3,8131,0,0,28
Mikołajki Pomorskie,2216022,2,3627,20,5.51419906258616,22
Mikołów,2408021,1,41014,0,0,24
Mikstat,3018063,3,6046,15,2.48097915977506,30
Milanów,0613032,2,3762,0,0,06
Milanówek,1405011,1,16416,0,0,14
Milejczyce,2010062,2,1710,0,0,20
Milejewo,2804052,2,3419,0,0,28
Milejów,0610042,2,9085,0,0,06
Milicz,0213033,3,24197,30,1.23982311856842,02
Milówka,2417092,2,10067,20,1.9866891824774,24
Miłakowo,2815063,3,5404,0,0,28
Miłki,2806062,2,3722,0,0,28
Miłkowice,0209062,2,6762,0,0,02
Miłomłyn,2815073,3,4919,0,0,28
Miłoradz,2209062,2,3348,0,0,22
Miłosław,3030023,3,10202,0,0,30
Mińsk Mazowiecki,1412112,2,15490,0,0,14
Mińsk Mazowiecki,1412011,1,40999,0,0,14
Mircze,0604052,2,7007,0,0,06
Mirosławiec,3217033,3,5402,0,0,32
Mirów,1430032,2,3898,0,0,14
Mirsk,0212043,3,8525,0,0,02
Mirzec,2611032,2,8260,20,2.42130750605327,26
Mława,1413011,1,31246,0,0,14
Młodzieszyn,1428042,2,5575,0,0,14
Młynary,2804063,3,4406,0,0,28
Młynarze,1411052,2,1742,0,0,14
Mniów,2604112,2,9346,15,1.6049646907768,26
Mniszków,1007032,2,4770,0,0,10
Mochowo,1427032,2,6009,0,0,14
Modliborzyce,0605063,3,6957,0,0,06
Mogielnica,1406073,3,8682,0,0,14
Mogilany,1206092,2,14233,20,1.40518513314129,12
Mogilno,0409033,3,24574,0,0,04
Mokobody,1426042,2,4939,20,4.04940271309982,14
Mokrsko,1017042,2,5401,0,0,10
Mońki,2008063,3,14874,0,0,20
Morawica,2604123,3,16756,0,0,26
Morąg,2815083,3,24199,0,0,28
Mordy,1426053,3,5780,0,0,14
Moryń,3206063,3,4267,0,0,32
Morzeszczyn,2214032,2,3649,20,5.48095368594135,22
Mosina,3021103,3,33442,0,0,30
Moskorzew,2613032,2,2640,0,0,26
Moszczenica,1010062,2,12930,0,0,10
Moszczenica,1205072,2,4983,0,0,12
Mrągowo,2810011,1,21556,50,2.31953980330302,28
Mrągowo,2810032,2,7975,0,0,28
Mrocza,0410023,3,9233,0,0,04
Mrozy,1412123,3,8712,0,0,14
Mstów,2404102,2,10834,0,0,24
Mszana,2415092,2,7690,60,3.90117035110533,24
Mszana Dolna,1207021,1,7889,0,0,12
Mszana Dolna,1207092,2,17623,0,0,12
Mszczonów,1438023,3,11525,10,0.867678958785249,14
Mściwojów,0205042,2,4054,0,0,02
Mucharz,1218052,2,4122,0,0,12
Murowana Goślina,3021113,3,16901,0,0,30
Murów,1609062,2,5298,0,0,16
Muszyna,1210113,3,11566,0,0,12
Mycielin,3007072,2,4873,0,0,30
Mykanów,2404112,2,15104,0,0,24
Mysłakowice,0206072,2,10160,30,2.95275590551181,02
Mysłowice,2470011,1,74618,0,0,24
Myszków,2409011,1,31585,0,0,24
Myszyniec,1415083,3,10437,15,1.43719459614832,14
Myślenice,1209033,3,44444,0,0,12
Myślibórz,3210043,3,19702,0,0,32
Nadarzyn,1421052,2,14032,0,0,14
Nagłowice,2602042,2,4915,0,0,26
Nakło nad Notecią,0410033,3,31668,0,0,04
Nałęczów,0614083,3,8962,0,0,06
Namysłów,1606023,3,26172,0,0,16
Narew,2005082,2,3454,0,0,20
Narewka,2005092,2,3609,15,4.15627597672485,20
Narol,1809053,3,7967,0,0,18
Naruszewo,1420072,2,6312,20,3.16856780735108,14
Nasielsk,1414043,3,19965,23,1.15201602804909,14
Nawojowa,1210122,2,8730,0,0,12
Nekla,3030033,3,7571,30,3.96248844274204,30
Nędza,2411062,2,7453,0,0,24
Nidzica,2811043,3,21003,17,0.80940817978384,28
Nieborów,1005092,2,9321,0,0,10
Niebylec,1819032,2,10541,0,0,18
Niechanowo,3003082,2,5965,0,0,30
Niechlów,0204032,2,4840,15,3.09917355371901,02
Niedrzwica Duża,0609102,2,11917,0,0,06
Niedźwiada,0608092,2,6183,20,3.23467572375869,06
Niedźwiedź,1207102,2,7337,0,0,12
Niegosławice,0810062,2,4357,0,0,08
Niegowa,2409032,2,5608,0,0,24
Nielisz,0620072,2,5427,0,0,06
Niemce,0609112,2,19814,0,0,06
Niemcza,0202073,3,5470,40,7.31261425959781,02
Niemodlin,1609073,3,13162,0,0,16
Niepołomice,1219043,3,29141,0,0,12
Nieporęt,1408032,2,14687,0,0,14
Nieszawa,0401031,1,1843,20,10.851871947911,04
Nisko,1812053,3,22358,0,0,18
Niwiska,1806042,2,6091,0,0,18
Nowa Brzeźnica,1009032,2,4558,0,0,10
Nowa Dęba,1820043,3,18027,0,0,18
Nowa Karczma,2206072,2,7049,0,0,22
Nowa Ruda,0208041,1,21908,0,0,02
Nowa Ruda,0208112,2,11546,0,0,02
Nowa Sarzyna,1808053,3,21579,30,1.39024051160851,18
Nowa Słupia,2604133,3,9471,0,0,26
Nowa Sól,0804011,1,38645,20,0.51753137533963,08
Nowa Sól,0804052,2,6943,0,0,08
Nowa Sucha,1428052,2,6686,0,0,14
Nowa Wieś Lęborska,2208042,2,13645,0,0,22
Nowa Wieś Wielka,0403052,2,10195,0,0,04
Nowe,0414063,3,10183,0,0,04
Nowe Brzesko,1214033,3,5712,15,2.62605042016807,12
Nowe Miasteczko,0804063,3,5358,0,0,08
Nowe Miasto,1420082,2,4655,0,0,14
Nowe Miasto Lubawskie,2812011,1,10850,0,0,28
Nowe Miasto Lubawskie,2812052,2,8245,0,0,28
Nowe Miasto nad Pilicą,1406083,3,7668,0,0,14
Nowe Miasto nad Wartą,3025032,2,9057,0,0,30
Nowe Ostrowy,1002082,2,3443,0,0,10
Nowe Piekuty,2013072,2,3861,0,0,20
Nowe Skalmierzyce,3017023,3,15563,0,0,30
Nowe Warpno,3211033,3,1636,0,0,32
Nowinka,2001052,2,2953,0,0,20
Nowodwór,0616032,2,4072,0,0,06
Nowogard,3204043,3,24634,0,0,32
Nowogrodziec,0201043,3,15214,0,0,02
Nowogród,2007043,3,4028,0,0,20
Nowogród Bobrzański,0809053,3,9441,15,1.58881474420083,08
Nowogródek Pomorski,3210052,2,3357,0,0,32
Nowosolna,1006082,2,5084,0,0,10
Nowy Duninów,1419092,2,3977,15,3.7716872014081,14
Nowy Dwór,2011062,2,2618,0,0,20
Nowy Dwór Gdański,2210023,3,17695,20,1.13026278609777,22
Nowy Dwór Mazowiecki,1414011,1,28679,30,1.04606157815823,14
Nowy Kawęczyn,1015072,2,3370,0,0,10
Nowy Korczyn,2601033,3,5916,0,0,26
Nowy Sącz,1262011,1,83794,30,0.358020860682149,12
Nowy Staw,2209073,3,7637,0,0,22
Nowy Targ,1211011,1,33293,30,0.901090319286336,12
Nowy Targ,1211092,2,24070,0,0,12
Nowy Tomyśl,3015043,3,27045,0,0,30
Nowy Wiśnicz,1201063,3,14177,0,0,12
Nowy Żmigród,1805072,2,9009,0,0,18
Nozdrzec,1802062,2,7996,30,3.75187593796898,18
Nur,1416062,2,2673,0,0,14
Nurzec-Stacja,2010072,2,3793,0,0,20
Nysa,1607053,3,56951,40,0.35117908377377,16
Oborniki,3016013,3,34179,15,0.43886597033266,30
Oborniki Śląskie,0220013,3,20317,0,0,02
Obrazów,2609062,2,6375,0,0,26
Obrowo,0415072,2,17753,0,0,04
Obryte,1424022,2,4805,0,0,14
Obrzycko,3024011,1,2375,0,0,30
Obrzycko,3024042,2,4467,0,0,30
Obsza,0602102,2,4233,0,0,06
Ochotnica Dolna,1211102,2,8513,0,0,12
Odolanów,3017033,3,14655,0,0,30
Odrzywół,1423042,2,3752,0,0,14
Ogrodzieniec,2416063,3,9061,0,0,24
Ojrzeń,1402062,2,4291,0,0,14
Okonek,3031053,3,8502,0,0,30
Oksa,2602052,2,4574,20,4.37254044599913,26
Olecko,2813043,3,22025,0,0,28
Olesno,1608033,3,17763,30,1.68890390136801,16
Olesno,1204052,2,7966,0,0,12
Oleszyce,1809063,3,6332,0,0,18
Oleśnica,0214011,1,37142,0,0,02
Oleśnica,0214062,2,13854,0,0,02
Oleśnica,2612033,3,3880,0,0,26
Olkusz,1212053,3,48601,0,0,12
Olszanica,1821042,2,4894,0,0,18
Olszanka,1410032,2,2943,15,5.09683995922528,14
Olszanka,1601062,2,4867,0,0,16
Olszewo-Borki,1415092,2,10786,0,0,14
Olszówka,3009092,2,4502,0,0,30
Olsztyn,2862011,1,171979,30,0.174439902546241,28
Olsztyn,2404122,2,7810,0,0,24
Olsztynek,2814093,3,13701,0,0,28
Olszyna,0210053,3,6508,0,0,02
Oława,0215011,1,33108,0,0,02
Oława,0215042,2,15190,0,0,02
Opalenica,3015053,3,16397,0,0,30
Opatowiec,2603043,3,3283,0,0,26
Opatów,2406052,2,6818,0,0,24
Opatów,2606043,3,11663,0,0,26
Opatówek,3007083,3,10808,0,0,30
Opinogóra Górna,1402072,2,5963,20,3.35401643468053,14
Opoczno,1007043,3,34108,0,0,10
Opole,1661011,1,128035,0,0,16
Opole Lubelskie,0612053,3,17108,0,0,06
Oporów,1002092,2,2495,0,0,10
Orchowo,3023032,2,3795,0,0,30
Orla,2003062,2,2702,0,0,20
Orły,1813072,2,8894,0,0,18
Orneta,2809053,3,11909,0,0,28
Ornontowice,2408042,2,6176,0,0,24
Orońsko,1430042,2,5969,0,0,14
Orzesze,2408031,1,21189,15,0.707914483930341,24
Orzysz,2816023,3,8863,0,0,28
Osie,0414072,2,5496,0,0,04
Osieck,1417062,2,3636,20,5.5005500550055,14
Osieczna,2213072,2,2880,0,0,22
Osieczna,3013033,3,9269,0,0,30
Osiecznica,0201052,2,7349,0,0,02
Osiek,0402082,2,4043,0,0,04
Osiek,1213052,2,8224,0,0,12
Osiek,2213082,2,2376,0,0,22
Osiek,2612043,3,7689,0,0,26
Osiek Jasielski,1805082,2,5372,0,0,18
Osiek Mały,3009102,2,6155,0,0,30
Osielsko,0403062,2,14771,0,0,04
Osięciny,0411042,2,7595,0,0,04
Osina,3204052,2,3034,0,0,32
Osjaków,1017052,2,4738,0,0,10
Ostaszewo,2210032,2,3216,0,0,22
Ostrołęka,1461011,1,52055,0,0,14
Ostroróg,3024053,3,4925,0,0,30
Ostrowiec Świętokrzyski,2607011,1,68338,0,0,26
Ostrowite,3023042,2,5077,0,0,30
Ostróda,2815092,2,16114,20,1.24115675809855,28
Ostróda,2815011,1,32888,0,0,28
Ostrów,1815022,2,7358,0,0,18
Ostrów Lubelski,0608103,3,5244,0,0,06
Ostrów Mazowiecka,1416072,2,12884,0,0,14
Ostrów Mazowiecka,1416011,1,22399,15,0.669672753247913,14
Ostrów Wielkopolski,3017011,1,71931,30,0.417066355257121,30
Ostrów Wielkopolski,3017042,2,19147,0,0,30
Ostrówek,0608112,2,3829,0,0,06
Ostrówek,1017062,2,4481,0,0,10
Ostrzeszów,3018073,3,24004,40,1.66638893517747,30
Ośno Lubuskie,0805033,3,6376,0,0,08
Oświęcim,1213011,1,38005,0,0,12
Oświęcim,1213062,2,18505,0,0,12
Otmuchów,1607063,3,13501,0,0,16
Otwock,1417021,1,44635,0,0,14
Otyń,0804073,3,7012,0,0,08
Ozimek,1609083,3,19543,0,0,16
Ozorków,1020021,1,19311,0,0,10
Ozorków,1020062,2,7021,0,0,10
Ożarowice,2413062,2,5795,0,0,24
Ożarów,2606053,3,10662,55,2.57925342337273,26
Ożarów Mazowiecki,1432063,3,25440,0,0,14
Pabianice,1008021,1,64757,0,0,10
Pabianice,1008072,2,7636,0,0,10
Pacanów,2601043,3,7322,0,0,26
Pacyna,1404032,2,3527,0,0,14
Paczków,1607073,3,12535,0,0,16
Padew Narodowa,1811062,2,5381,40,7.43356253484482,18
Pajęczno,1009043,3,11510,0,0,10
Pakosław,3022042,2,4918,0,0,30
Pakosławice,1607082,2,3500,0,0,16
Pakość,0407073,3,9793,0,0,04
Pałecznica,1214042,2,3568,0,0,12
Panki,2406062,2,5039,0,0,24
Papowo Biskupie,0404052,2,4343,0,0,04
Paprotnia,1426062,2,2549,0,0,14
Paradyż,1007052,2,4354,0,0,10
Parchowo,2201072,2,3795,0,0,22
Parczew,0613043,3,14445,0,0,06
Parysów,1403092,2,4128,0,0,14
Parzęczew,1020072,2,5112,0,0,10
Pasłęk,2804073,3,19313,0,0,28
Pasym,2817043,3,5312,0,0,28
Paszowice,0205052,2,3997,0,0,02
Pawłosiów,1804062,2,8450,0,0,18
Pawłowice,2410042,2,18172,0,0,24
Pawłowiczki,1603042,2,7426,0,0,16
Pawłów,2611042,2,15240,0,0,26
Pawonków,2407072,2,6635,0,0,24
Pątnów,1017072,2,6504,0,0,10
Pcim,1209042,2,11131,0,0,12
Pelplin,2214043,3,16166,30,0.927873314363479,22
Pełczyce,3202053,3,7764,0,0,32
Perlejewo,2010082,2,2778,10,3.59971202303816,20
Perzów,3008052,2,3777,0,0,30
Pęcław,0203052,2,2259,0,0,02
Pęczniew,1011022,2,3478,0,0,10
Pępowo,3004042,2,5948,0,0,30
Piaseczno,1418043,3,85226,110,1.29068594091005,14
Piaski,0617033,3,10530,0,0,06
Piaski,3004052,2,8630,0,0,30
Piastów,1421011,1,22679,0,0,14
Piątek,1004063,2,5982,0,0,10
Piątnica,2007052,2,10702,0,0,20
Piechowice,0206031,1,6156,30,4.87329434697856,02
Piecki,2810042,2,7572,0,0,28
Piekary Śląskie,2471011,1,55030,0,0,24
Piekoszów,2604142,2,16489,20,1.21292983200922,26
Pielgrzymka,0226032,2,4551,0,0,02
Pieniężno,2802053,3,6183,0,0,28
Pieńsk,0225043,3,9022,0,0,02
Pierzchnica,2604153,3,4700,0,0,26
Pieszyce,0202033,3,9410,50,5.3134962805526,02
Pietrowice Wielkie,2411072,2,6883,0,0,24
Pilawa,1403103,3,10975,10,0.911161731207289,14
Pilchowice,2405042,2,12013,0,0,24
Pilica,2416073,3,8570,0,0,24
Pilzno,1803063,3,18250,0,0,18
Piła,3019011,1,73139,0,0,30
Piława Górna,0202041,1,6394,10,1.56396621832968,02
Pińczów,2608043,3,20626,0,0,26
Pionki,1425011,1,18159,0,0,14
Pionki,1425082,2,9979,0,0,14
Piotrków Kujawski,0411053,3,9234,0,0,04
Piotrków Trybunalski,1062011,1,73090,0,0,10
Pisz,2816033,3,27659,0,0,28
Piszczac,0601112,2,7188,0,0,06
Piwniczna-Zdrój,1210133,3,10588,0,0,12
Platerów,1410042,2,4849,0,0,14
Platerówka,0210062,2,1630,0,0,02
Pleszew,3020063,3,29807,0,0,30
Pleśna,1216042,2,11944,0,0,12
Płaska,2001062,2,2583,0,0,20
Płock,1462011,1,119425,0,0,14
Płoniawy-Bramura,1411062,2,5336,0,0,14
Płońsk,1420011,1,22107,30,1.35703623286742,14
Płońsk,1420092,2,7943,0,0,14
Płoskinia,2802062,2,2486,0,0,28
Płośnica,2803052,2,5604,25,4.46109921484654,28
Płoty,3205043,3,8801,0,0,32
Płużnica,0417042,2,4775,0,0,04
Pniewy,1406092,2,4797,30,6.25390869293308,14
Pniewy,3024063,3,12708,0,0,30
Pobiedziska,3021123,3,19741,0,0,30
Poczesna,2404132,2,12707,0,0,24
Poddębice,1011033,3,15505,0,0,10
Podedwórze,0613052,2,1615,0,0,06
Podegrodzie,1210142,2,13279,0,0,12
Podgórzyn,0206082,2,8249,0,0,02
Podkowa Leśna,1405021,1,3844,20,5.20291363163371,14
Pogorzela,3004063,3,4937,0,0,30
Pokój,1606032,2,5178,0,0,16
Pokrzywnica,1424032,2,5029,0,0,14
Polanica-Zdrój,0208051,1,6307,0,0,02
Polanka Wielka,1213072,2,4313,0,0,12
Polanów,3209063,3,8610,0,0,32
Police,3211043,3,41288,0,0,32
Policzna,1436022,2,5473,0,0,14
Polkowice,0216043,3,27727,0,0,02
Polska Cerekiew,1603052,2,4013,0,0,16
Połajewo,3002062,2,6173,0,0,30
Połaniec,2612053,3,11764,0,0,26
Połczyn-Zdrój,3216033,3,15118,0,0,32
Pomiechówek,1414052,2,9090,0,0,14
Poniatowa,0612063,3,14149,0,0,06
Poniec,3004073,3,7734,0,0,30
Popielów,1609092,2,8029,0,0,16
Popów,2406072,2,5874,0,0,24
Poraj,2409042,2,10914,0,0,24
Porąbka,2402082,2,15630,0,0,24
Poręba,2416011,1,8480,0,0,24
Poronin,1217052,2,11650,0,0,12
Postomino,3213052,2,6891,0,0,32
Poświętne,1434082,2,6249,20,3.20051208193311,14
Poświętne,2002082,2,3364,0,0,20
Poświętne,1007062,2,3148,0,0,10
Potęgowo,2212072,2,6882,0,0,22
Potok Górny,0602112,2,5351,0,0,06
Potok Wielki,0605072,2,4651,0,0,06
Potworów,1423052,2,4187,0,0,14
Powidz,3023052,2,2320,0,0,30
Pozezdrze,2819022,2,3253,0,0,28
Poznań,3064011,1,534813,0,0,30
Prabuty,2207043,3,13091,0,0,22
Praszka,1608043,3,13472,0,0,16
Prażmów,1418052,2,11199,0,0,14
Prochowice,0209073,3,7406,0,0,02
Promna,1401022,2,5555,0,0,14
Prostki,2805042,2,7238,0,0,28
Proszowice,1214053,3,16139,0,0,12
Prószków,1609103,3,9091,0,0,16
Pruchnik,1804073,3,9681,15,1.54942671211652,18
Prudnik,1610043,3,27109,20,0.737762366741673,16
Prusice,0220023,3,9377,0,0,02
Pruszcz,0414082,2,9562,0,0,04
Pruszcz Gdański,2204011,1,31326,0,0,22
Pruszcz Gdański,2204042,2,31321,0,0,22
Pruszków,1421021,1,62317,0,0,14
Przasnysz,1422072,2,7228,15,2.07526286662977,14
Przasnysz,1422011,1,17177,0,0,14
Przechlewo,2203062,2,6331,0,0,22
Przeciszów,1213082,2,6761,30,4.43721342996598,12
Przecław,1811073,3,12003,30,2.49937515621095,18
Przedbórz,1012113,3,7122,30,4.212299915754,10
Przedecz,3009113,3,4120,0,0,30
Przelewice,3212042,2,5129,0,0,32
Przemęt,3029012,2,14173,10,0.705566923022649,30
Przemków,0216053,3,8341,0,0,02
Przemyśl,1813082,2,10650,0,0,18
Przemyśl,1862011,1,60689,0,0,18
Przerośl,2012042,2,2919,0,0,20
Przesmyki,1426072,2,3169,0,0,14
Przeworno,0217032,2,4754,0,0,02
Przeworsk,1814011,1,15291,0,0,18
Przeworsk,1814062,2,14863,0,0,18
Przewóz,0811072,2,3132,0,0,08
Przodkowo,2205032,2,9663,0,0,22
Przybiernów,3204062,2,5005,0,0,32
Przygodzice,3017052,2,12179,15,1.23162821249692,30
Przykona,3027062,2,4589,0,0,30
Przyłęk,1436032,2,6154,0,0,14
Przyrów,2404142,2,3752,30,7.99573560767591,24
Przystajń,2406082,2,5876,0,0,24
Przysucha,1423063,3,11783,60,5.09208181278113,14
Przytoczna,0803032,2,5627,0,0,08
Przytuły,2007062,2,2073,0,0,20
Przytyk,1425092,2,7308,0,0,14
Przywidz,2204052,2,5957,20,3.35739466174249,22
Psary,2401062,2,12221,0,0,24
Pszczew,0803042,2,4269,0,0,08
Pszczółki,2204062,2,9713,0,0,22
Pszczyna,2410053,3,52770,0,0,24
Pszów,2415011,1,13844,0,0,24
Puchaczów,0610052,2,5693,0,0,06
Puck,2211031,1,11241,0,0,22
Puck,2211072,2,26699,0,0,22
Puławy,0614011,1,47417,0,0,06
Puławy,0614092,2,12126,0,0,06
Pułtusk,1424043,3,24683,0,0,14
Puńsk,2009042,2,4161,0,0,20
Purda,2814102,2,8708,27,1.55029857602205,28
Puszcza Mariańska,1438032,2,8661,0,0,14
Puszczykowo,3021021,1,9657,0,0,30
Pyrzyce,3212053,3,19313,0,0,32
Pyskowice,2405021,1,18429,0,0,24
Pysznica,1818032,2,11194,0,0,18
Pyzdry,3030043,3,6937,0,0,30
Raba Wyżna,1211112,2,14750,0,0,12
Rabka-Zdrój,1211123,3,17091,0,0,12
Rachanie,0618072,2,5068,0,0,06
Raciąż,1420021,1,4394,0,0,14
Raciąż,1420102,2,8283,0,0,14
Raciążek,0401072,2,3138,15,4.78011472275335,04
Racibórz,2411011,1,54739,0,0,24
Raciechowice,1209052,2,6413,0,0,12
Racławice,1208062,2,2508,0,0,12
Raczki,2012052,2,5907,0,0,20
Radecznica,0620082,2,5644,0,0,06
Radgoszcz,1204062,2,7424,20,2.69396551724138,12
Radków,0208123,3,9052,0,0,02
Radków,2613042,2,2499,0,0,26
Radlin,2415021,1,17759,0,0,24
Radłów,1608052,2,4299,0,0,16
Radłów,1216053,3,9666,50,5.17277053589903,12
Radom,1463011,1,211371,0,0,14
Radomin,0405052,2,3837,0,0,04
Radomsko,1012011,1,45843,20,0.436271622712301,10
Radomsko,1012122,2,5582,0,0,10
Radomyśl nad Sanem,1818042,2,7311,0,0,18
Radomyśl Wielki,1811083,3,14292,40,2.79876854184159,18
Radoszyce,2605043,3,8891,0,0,26
Radowo Małe,3218032,2,3592,0,0,32
Radwanice,0216062,2,4808,0,0,02
Radymno,1804021,1,5273,35,6.63758771098047,18
Radymno,1804082,2,11395,0,0,18
Radzanowo,1419102,2,8500,0,0,14
Radzanów,1413042,2,3270,0,0,14
Radzanów,1401032,2,3887,0,0,14
Radziechowy-Wieprz,2417102,2,13079,0,0,24
Radziejowice,1438042,2,5855,0,0,14
Radziejów,0411011,1,5516,0,0,04
Radziejów,0411062,2,4375,0,0,04
Radziemice,1214062,2,3342,0,0,12
Radziłów,2004032,2,4722,10,2.11774671749259,20
Radzionków,2413031,1,16873,0,0,24
Radzymin,1434093,3,27504,0,0,14
Radzyń Chełmiński,0406043,3,4638,0,0,04
Radzyń Podlaski,0615011,1,15656,0,0,06
Radzyń Podlaski,0615062,2,8072,0,0,06
Rajcza,2417112,2,8810,0,0,24
Rajgród,2004043,3,5176,30,5.79598145285935,20
Rakoniewice,3005043,3,13178,0,0,30
Raków,2604162,2,5595,0,0,26
Rakszawa,1810062,2,7359,0,0,18
Raniżów,1806052,2,7036,0,0,18
Raszków,3017063,3,11849,40,3.37581230483585,30
Raszyn,1421062,2,21845,70,3.20439459830625,14
Rawa Mazowiecka,1013011,1,17324,0,0,10
Rawa Mazowiecka,1013042,2,8788,0,0,10
Rawicz,3022053,3,30303,0,0,30
Rąbino,3216042,2,3560,0,0,32
Recz,3202063,3,5454,30,5.5005500550055,32
Reda,2215011,1,26307,15,0.570190443608165,22
Regimin,1402082,2,4989,20,4.00881940268591,14
Regnów,1013052,2,1818,0,0,10
Rejowiec,0603153,3,6372,0,0,06
Rejowiec Fabryczny,0603011,1,4386,15,3.41997264021888,06
Rejowiec Fabryczny,0603082,2,4227,0,0,06
Reńska Wieś,1603062,2,8295,10,1.20554550934298,16
Repki,1429062,2,5173,0,0,14
Resko,3218043,3,7988,0,0,32
Reszel,2808053,3,7488,0,0,28
Rewal,3205072,2,3862,0,0,32
Ręczno,1010072,2,3523,0,0,10
Rędziny,2404152,2,9933,0,0,24
Rogowo,0412032,2,4765,0,0,04
Rogowo,0419052,2,6828,0,0,04
Rogoźno,3016023,3,18353,0,0,30
Rogów,1021052,2,4711,0,0,10
Rogóźno,0406052,2,4241,0,0,04
Rojewo,0407082,2,4718,0,0,04
Rokiciny,1016072,2,6160,0,0,10
Rokietnica,1804092,2,4349,0,0,18
Rokietnica,3021132,2,18637,20,1.07313408810431,30
Rokitno,0601122,2,2972,0,0,06
Ropa,1205082,2,5507,0,0,12
Ropczyce,1815033,3,27487,65,1.18237712373122,18
Rossosz,0601132,2,2193,0,0,06
Rościszewo,1427042,2,4139,0,0,14
Rozdrażew,3012052,2,5204,0,0,30
Rozogi,2817052,2,5523,0,0,28
Rozprza,1010082,2,12297,0,0,10
Roźwienica,1804102,2,6235,12,1.92461908580593,18
Różan,1411073,3,4418,0,0,14
Ruciane-Nida,2816043,3,7991,0,0,28
Ruda Maleniecka,2605052,2,3069,0,0,26
Ruda Śląska,2472011,1,137360,0,0,24
Ruda-Huta,0603092,2,4502,0,0,06
Rudka,2003072,2,1868,0,0,20
Rudna,0211032,2,7806,0,0,02
Rudnik,2411082,2,5193,15,2.88850375505488,24
Rudnik,0606092,2,3009,0,0,06
Rudnik nad Sanem,1812063,3,10173,0,0,18
Rudniki,1608062,2,8159,0,0,16
Rudziniec,2405052,2,10643,0,0,24
Ruja,0209082,2,2595,0,0,02
Rumia,2215021,1,49230,0,0,22
Rusiec,1001062,2,5080,0,0,10
Rusinów,1423072,2,4274,0,0,14
Rutka-Tartak,2012062,2,2322,0,0,20
Rutki,2014032,2,5514,0,0,20
Rybczewice,0617042,2,3362,0,0,06
Rybnik,2473011,1,138098,20,0.144824689713102,24
Rybno,2803062,2,7196,45,2.08449138410228,28
Rybno,1428062,2,3478,35,10.0632547441058,14
Rychliki,2804082,2,3753,0,0,28
Rychtal,3008062,2,3804,0,0,30
Rychwał,3010073,3,8249,0,0,30
Ryczywół,3016032,2,7293,0,0,30
Rydułtowy,2415031,1,21514,0,0,24
Rydzyna,3013043,3,9636,0,0,30
Ryglice,1216063,3,11652,0,0,12
Ryjewo,2207052,2,5831,0,0,22
Ryki,0616043,3,20386,0,0,06
Rymanów,1807083,3,15922,15,0.942092701921869,18
Rymań,3208052,2,3929,0,0,32
Ryn,2806083,3,5668,0,0,28
Ryńsk,0417052,2,8587,0,0,04
Rypin,0412011,1,16130,0,0,04
Rypin,0412042,2,7492,0,0,04
Rytro,1210152,2,3777,0,0,12
Rytwiany,2612062,2,6371,0,0,26
Rząśnia,1009052,2,4939,0,0,10
Rząśnik,1435032,2,7004,0,0,14
Rzeczenica,2203072,2,3607,15,4.15858053784308,22
Rzeczniów,1409042,2,4352,0,0,14
Rzeczyca,1016082,2,4643,0,0,10
Rzekuń,1415102,2,10839,15,1.38389150290617,14
Rzepiennik Strzyżewski,1216072,2,6738,55,4.08132977144553,12
Rzepin,0805043,3,9714,0,0,08
Rzeszów,1863011,1,196208,0,0,18
Rzewnie,1411082,2,2638,0,0,14
Rzezawa,1201072,2,11348,15,1.32181882270004,12
Rzgów,1006103,3,10459,0,0,10
Rzgów,3010082,2,7275,0,0,30
Sabnie,1429072,2,3636,0,0,14
Sadki,0410042,2,7252,0,0,04
Sadkowice,1013062,2,5412,0,0,10
Sadlinki,2207062,2,5984,30,5.01336898395722,22
Sadowie,2606062,2,3929,0,0,26
Sadowne,1433072,2,5828,0,0,14
Samborzec,2609072,2,8420,0,0,26
Sandomierz,2609011,1,23362,0,0,26
Sanniki,1404043,3,5997,0,0,14
Sanok,1817011,1,37359,0,0,18
Sanok,1817052,2,18086,30,1.6587415680637,18
Santok,0801062,2,8636,0,0,08
Sarnaki,1410052,2,4645,0,0,14
Sawin,0603102,2,5470,0,0,06
Secemin,2613052,2,4811,0,0,26
Sejny,2009011,1,5260,20,3.80228136882129,20
Sejny,2009052,2,4007,0,0,20
Serniki,0608122,2,4914,0,0,06
Serock,1408043,3,15125,20,1.32231404958678,14
Serokomla,0611062,2,3940,0,0,06
Sędziejowice,1003032,2,6370,0,0,10
Sędziszów,2602063,3,12413,0,0,26
Sędziszów Małopolski,1815043,3,23784,20,0.840901446350488,18
Sękowa,1205092,2,4980,0,0,12
Sępopol,2801063,3,6182,0,0,28
Sępólno Krajeńskie,0413023,3,15803,0,0,04
Sianów,3209073,3,13853,15,1.08279794990255,32
Sicienko,0403072,2,10241,0,0,04
Sidra,2011072,2,3407,0,0,20
Siechnice,0223083,3,22878,0,0,02
Sieciechów,1407072,2,3890,0,0,14
Siedlce,1464011,1,78185,0,0,14
Siedlce,1426082,2,18406,0,0,14
Siedlec,3029022,2,12734,0,0,30
Siedlisko,0804082,2,3580,0,0,08
Siedliszcze,0603113,3,6836,0,0,06
Siekierczyn,0210072,2,4502,0,0,02
Siemianowice Śląskie,2474011,1,66841,20,0.299217546116904,24
Siemiatycze,2010011,1,14391,25,1.73719685914808,20
Siemiatycze,2010092,2,6087,30,1.64284540824708,20
Siemiątkowo,1437052,2,3439,0,0,14
Siemień,0613062,2,4516,0,0,06
Siemkowice,1009062,2,4773,0,0,10
Siemyśl,3208062,2,3853,0,0,32
Sieniawa,1814073,3,7041,0,0,18
Siennica,1412132,2,7480,20,2.67379679144385,14
Siennica Różana,0606102,2,4110,0,0,06
Sienno,1409052,2,5802,0,0,14
Siepraw,1209062,2,9001,0,0,12
Sieradz,1014011,1,41953,0,0,10
Sieradz,1014082,2,10706,0,0,10
Sierakowice,2205042,2,20054,0,0,22
Sieraków,3014043,3,8713,0,0,30
Sieroszewice,3017072,2,9684,0,0,30
Sierpc,1427011,1,17933,40,2.23052473094295,14
Sierpc,1427052,2,7042,0,0,14
Siewierz,2401073,3,12417,0,0,24
Sitkówka-Nowiny,2604172,2,7910,0,0,26
Sitno,0620092,2,6708,0,0,06
Skalbmierz,2603053,3,6463,0,0,26
Skała,1206103,3,10579,0,0,12
Skarbimierz,1601022,2,8217,0,0,16
Skarszewy,2213093,3,14924,20,1.3401232913428,22
Skaryszew,1425103,3,14782,15,1.01474766608037,14
Skarżysko Kościelne,2610042,2,5988,0,0,26
Skarżysko-Kamienna,2610011,1,44848,40,0.445950767035319,26
Skawina,1206113,3,43586,0,0,12
Skąpe,0808032,2,5103,0,0,08
Skępe,0408073,3,7528,0,0,04
Skierbieszów,0620102,2,5121,0,0,06
Skierniewice,1015082,2,7609,0,0,10
Skierniewice,1063011,1,48089,0,0,10
Skoczów,2403103,3,26910,0,0,24
Skoki,3028053,3,9713,0,0,30
Skołyszyn,1805092,2,12475,15,1.20240480961924,18
Skomlin,1017082,2,3319,0,0,10
Skoroszyce,1607092,2,6199,50,8.06581706726891,16
Skórcz,2213021,1,3623,0,0,22
Skórcz,2213102,2,4592,0,0,22
Skórzec,1426092,2,7872,0,0,14
Skrwilno,0412052,2,5845,0,0,04
Skrzyszów,1216082,2,14303,25,1.74788505907852,12
Skulsk,3010092,2,6122,15,2.45017967984319,30
Skwierzyna,0803053,3,12103,0,0,08
Słaboszów,1208072,2,3522,0,0,12
Sława,0812013,3,12682,0,0,08
Sławatycze,0601142,2,2293,35,15.2638464893153,06
Sławków,2401081,1,6983,0,0,24
Sławno,1007072,2,7627,0,0,10
Sławno,3213021,1,12468,0,0,32
Sławno,3213062,2,8867,0,0,32
Sławoborze,3216052,2,3994,0,0,32
Słomniki,1206123,3,13638,0,0,12
Słońsk,0807032,2,4733,0,0,08
Słopnice,1207112,2,6764,0,0,12
Słubice,0805053,3,20071,0,0,08
Słubice,1419112,2,4429,0,0,14
Słupca,3023011,1,13658,0,0,30
Słupca,3023062,2,9263,0,0,30
Słupia,2602072,2,4290,22,5.12820512820513,26
Słupia,1015092,2,2613,0,0,10
Słupia Konecka,2605062,2,3319,0,0,26
Słupno,1419122,2,7958,0,0,14
Słupsk,2212082,2,18206,29,1.59288146764803,22
Słupsk,2263011,1,90681,0,0,22
Smętowo Graniczne,2213112,2,5185,0,0,22
Smołdzino,2212092,2,3375,15,4.44444444444444,22
Smyków,2605072,2,3792,0,0,26
Sobienie-Jeziory,1417072,2,6388,0,0,14
Sobków,2602082,2,8466,0,0,26
Sobolew,1403112,2,8239,0,0,14
Sobótka,0223073,3,12914,15,1.16153012234784,02
Sochaczew,1428072,2,10976,0,0,14
Sochaczew,1428011,1,36282,0,0,14
Sochocin,1420112,2,5809,0,0,14
Sokolniki,1018062,2,5035,0,0,10
Sokołów Małopolski,1816113,3,17244,0,0,18
Sokołów Podlaski,1429082,2,6019,15,2.4921083236418,14
Sokołów Podlaski,1429011,1,18945,0,0,14
Sokoły,2013082,2,5743,0,0,20
Sokółka,2011083,3,25352,25,0.986115493846639,20
Solec Kujawski,0403083,3,16799,0,0,04
Solec nad Wisłą,1409062,2,4894,0,0,14
Solec-Zdrój,2601052,2,5036,0,0,26
Solina,1821052,2,5327,0,0,18
Somianka,1435042,2,5605,0,0,14
Somonino,2205052,2,10814,0,0,22
Sompolno,3010103,3,10380,0,0,30
Sońsk,1402092,2,7755,0,0,14
Sopot,2264011,1,35719,0,0,22
Sorkwity,2810052,2,4528,15,3.31272084805654,28
Sosnowica,0613072,2,2579,0,0,06
Sosnowiec,2475011,1,199974,0,0,24
Sosnówka,0601152,2,2409,0,0,06
Sośnicowice,2405063,3,8909,0,0,24
Sośnie,3017082,2,6573,0,0,30
Sośno,0413032,2,4983,0,0,04
Spiczyn,0610062,2,5756,0,0,06
Spytkowice,1218062,2,10365,0,0,12
Spytkowice,1211132,2,4609,0,0,12
Srokowo,2808062,2,3754,0,0,28
Stalowa Wola,1818011,1,60466,0,0,18
Stanin,0611072,2,9729,0,0,06
Stanisławów,1412142,2,6756,15,2.2202486678508,14
Stara Biała,1419132,2,11968,0,0,14
Stara Błotnica,1401042,2,5298,0,0,14
Stara Dąbrowa,3214092,2,3720,0,0,32
Stara Kamienica,0206092,2,5252,0,0,02
Stara Kiszewa,2206082,2,6816,0,0,22
Stara Kornica,1410062,2,4737,0,0,14
Starachowice,2611011,1,48395,38,0.785205083169749,26
Starcza,2404162,2,2829,0,0,24
Stare Babice,1432072,2,19279,0,0,14
Stare Bogaczowice,0221072,2,4304,0,0,02
Stare Czarnowo,3206072,2,3828,0,0,32
Stare Juchy,2805052,2,3733,15,4.01821591213501,28
Stare Kurowo,0806032,2,4062,20,4.92368291482029,08
Stare Miasto,3010112,2,12436,0,0,30
Stare Pole,2209082,2,4696,0,0,22
Stargard,3214011,1,67837,75,0.552795671978419,32
Stargard,3214102,2,13752,0,0,32
Starogard Gdański,2213031,1,47671,0,0,22
Starogard Gdański,2213122,2,16713,0,0,22
Staroźreby,1419142,2,7216,0,0,14
Stary Brus,0619042,2,2097,0,0,06
Stary Dzierzgoń,2216032,2,3913,0,0,22
Stary Dzików,1809072,2,4143,0,0,18
Stary Lubotyń,1416082,2,3707,15,4.04639870515241,14
Stary Sącz,1210163,3,23801,0,0,12
Stary Targ,2216042,2,6246,0,0,22
Stary Zamość,0620112,2,5163,0,0,06
Staszów,2612073,3,25599,0,0,26
Stawiguda,2814112,2,10548,0,0,28
Stawiski,2006053,3,6085,0,0,20
Stawiszyn,3007093,3,7133,0,0,30
Stąporków,2605083,3,16699,0,0,26
Stegna,2210042,2,9749,0,0,22
Stepnica,3204073,3,4883,0,0,32
Sterdyń,1429092,2,3889,15,3.85703265620982,14
Stęszew,3021143,3,15126,0,0,30
Stężyca,0616052,2,5140,0,0,06
Stężyca,2205062,2,10664,0,0,22
Stoczek,1433082,2,4945,0,0,14
Stoczek Łukowski,0611021,1,2500,0,0,06
Stoczek Łukowski,0611082,2,7793,0,0,06
Stolno,0404062,2,5309,0,0,04
Stopnica,2601063,3,7589,0,0,26
Stoszowice,0224042,2,5381,0,0,02
Strachówka,1434102,2,2720,0,0,14
Strawczyn,2604182,2,10874,15,1.37943718962663,26
Stromiec,1401052,2,5628,0,0,14
Stronie Śląskie,0208133,3,7493,0,0,02
Strumień,2403113,3,13272,0,0,24
Stryków,1020083,3,12711,0,0,10
Stryszawa,1215072,2,11940,0,0,12
Stryszów,1218072,2,6865,0,0,12
Strzałkowo,3023072,2,10279,0,0,30
Strzegom,0219063,3,25708,30,1.16695192158083,02
Strzegowo,1413052,2,7478,15,2.00588392618347,14
Strzelce,1002102,2,3913,0,0,10
Strzelce Krajeńskie,0806043,3,16993,0,0,08
Strzelce Opolskie,1611053,3,30515,40,1.31083073898083,16
Strzelce Wielkie,1009072,2,4571,0,0,10
Strzeleczki,1605032,2,7398,0,0,16
Strzelin,0217043,3,22167,0,0,02
Strzelno,0409043,3,11585,0,0,04
Strzyżewice,0609122,2,8110,0,0,06
Strzyżów,1819043,3,20677,0,0,18
Stubno,1813092,2,3864,0,0,18
Studzienice,2201082,2,3760,0,0,22
Stupsk,1413062,2,4836,0,0,14
Subkowy,2214052,2,5484,0,0,22
Sucha Beskidzka,1215021,1,9088,0,0,12
Suchań,3214113,3,4298,0,0,32
Suchedniów,2610053,3,10110,0,0,26
Suchowola,2011093,3,6869,0,0,20
Suchożebry,1426102,2,4693,0,0,14
Suchy Dąb,2204072,2,4223,0,0,22
Suchy Las,3021152,2,18104,0,0,30
Sulechów,0809063,3,26521,0,0,08
Sulejów,1010093,3,16329,0,0,10
Sulejówek,1412151,1,19838,0,0,14
Sulęcin,0807043,3,15745,0,0,08
Sulęczyno,2205072,2,5547,0,0,22
Sulików,0225052,2,6012,0,0,02
Sulmierzyce,1009082,2,4444,15,3.37533753375338,10
Sulmierzyce,3012011,1,2851,0,0,30
Sułkowice,1209073,3,14982,0,0,12
Sułoszowa,1206132,2,5835,30,5.1413881748072,12
Sułów,0620122,2,4479,0,0,06
Supraśl,2002093,3,15676,20,1.2758356723654,20
Suraż,2002103,3,1967,0,0,20
Susiec,0618082,2,7432,0,0,06
Susz,2807063,3,12727,0,0,28
Suszec,2410062,2,12347,0,0,24
Suwałki,2012072,2,7739,20,2.58431321876211,20
Suwałki,2063011,1,69758,15,0.215029100604949,20
Swarzędz,3021163,3,51522,0,0,30
Syców,0214073,3,16874,0,0,02
Sypniewo,1411092,2,3248,0,0,14
Szadek,1019023,3,7312,0,0,10
Szaflary,1211142,2,11103,0,0,12
Szamocin,3001053,3,7502,0,0,30
Szamotuły,3024073,3,30251,0,0,30
Szastarka,0607062,2,5758,0,0,06
Szczaniec,0808042,2,3836,0,0,08
Szczawin Kościelny,1404052,2,4843,0,0,14
Szczawnica,1211023,3,7204,0,0,12
Szczawno-Zdrój,0221031,1,5569,30,5.38696354821332,02
Szczebrzeszyn,0620133,3,11139,0,0,06
Szczecin,3262011,1,401907,60,0.0746441340907225,32
Szczecinek,3215062,2,9215,15,1.62778079218665,32
Szczecinek,3215011,1,40043,0,0,32
Szczekociny,2416083,3,7658,0,0,24
Szczerców,1001072,2,8255,0,0,10
Szczucin,1204073,3,13155,15,1.14025085518814,12
Szczuczyn,2004053,3,6026,0,0,20
Szczurowa,1202072,2,9487,18,1.89733319279013,12
Szczutowo,1427062,2,4310,0,0,14
Szczyrk,2402011,1,5751,0,0,24
Szczytna,0208143,3,7279,0,0,02
Szczytniki,3007102,2,7812,0,0,30
Szczytno,2817011,1,23088,20,0.866250866250866,28
Szczytno,2817062,2,13095,0,0,28
Szelków,1411102,2,3624,0,0,14
Szemud,2215092,2,18240,0,0,22
Szepietowo,2013093,3,6890,0,0,20
Szerzyny,1216162,2,7943,15,1.88845524361073,12
Szklarska Poręba,0206041,1,6633,0,0,02
Szlichtyngowa,0812023,3,5015,40,7.97607178464606,08
Szprotawa,0810073,3,20610,0,0,08
Szreńsk,1413072,2,4115,0,0,14
Sztabin,2001072,2,5065,0,0,20
Sztum,2216053,3,18291,30,1.64015089388224,22
Sztutowo,2210052,2,3634,0,0,22
Szubin,0410053,3,24797,0,0,04
Szudziałowo,2011102,2,2840,0,0,20
Szulborze Wielkie,1416092,2,1646,0,0,14
Szumowo,2014042,2,4809,0,0,20
Szydłowiec,1430053,3,18698,0,0,14
Szydłowo,1413082,2,4576,0,0,14
Szydłowo,3019062,2,9196,0,0,30
Szydłów,2612083,3,4679,0,0,26
Szypliszki,2012082,2,3901,0,0,20
Ścinawa,0211043,3,9866,0,0,02
Ślemień,2417122,2,3531,0,0,24
Ślesin,3010123,3,14067,0,0,30
Śliwice,0416052,2,5592,0,0,04
Śmigiel,3011053,3,17607,0,0,30
Śniadowo,2007072,2,5312,0,0,20
Śrem,3026043,3,42155,30,0.711659352389989,30
Środa Śląska,0218043,3,19914,0,0,02
Środa Wielkopolska,3025043,3,32649,0,0,30
Świątki,2814122,2,4039,0,0,28
Świątniki Górne,1206143,3,10195,20,1.96174595389897,12
Świdnica,0219072,2,17311,20,1.1553347582462,02
Świdnica,0219011,1,56803,0,0,02
Świdnica,0809072,2,6602,0,0,08
Świdnik,0617011,1,39136,0,0,06
Świdwin,3216062,2,5818,30,2.57820556892403,32
Świdwin,3216011,1,15468,15,0.969743987587277,32
Świebodzice,0219021,1,22744,15,0.659514597256419,02
Świebodzin,0808053,3,29984,0,0,08
Świecie,0414093,3,33949,0,0,04
Świecie nad Osą,0406062,2,4170,0,0,04
Świedziebnia,0402092,2,5161,0,0,04
Świekatowo,0414102,2,3622,0,0,04
Świeradów-Zdrój,0210021,1,4100,0,0,02
Świercze,1424052,2,4613,0,0,14
Świerczów,1606042,2,3330,0,0,16
Świerklaniec,2413072,2,12401,0,0,24
Świerklany,2412052,2,12486,40,3.20358801858081,24
Świerzawa,0226043,3,7503,20,2.66560042649607,02
Świerzno,3207052,2,4227,0,0,32
Świeszyno,3209082,2,7470,0,0,32
Święciechowa,3013052,2,8108,15,1.85002466699556,30
Świętajno,2817072,2,5774,30,5.19570488396259,28
Świętajno,2813052,2,3883,0,0,28
Świętochłowice,2476011,1,49557,0,0,24
Świlcza,1816122,2,16265,0,0,18
Świnice Warckie,1004072,2,3888,0,0,10
Świnna,2417132,2,8070,0,0,24
Świnoujście,3263011,1,40888,0,0,32
Tarczyn,1418063,3,11567,0,0,14
Tarłów,2606072,2,5139,0,0,26
Tarnawatka,0618092,2,3894,0,0,06
Tarnobrzeg,1864011,1,46745,0,0,18
Tarnogród,0602123,3,6655,0,0,06
Tarnowiec,1805112,2,9168,0,0,18
Tarnowo Podgórne,3021172,2,28070,0,0,30
Tarnowskie Góry,2413041,1,61686,0,0,24
Tarnów,1216092,2,26202,0,0,12
Tarnów,1263011,1,108470,0,0,12
Tarnów Opolski,1609112,2,9628,0,0,16
Tarnówka,3031062,2,3009,0,0,30
Tczew,2214011,1,59951,30,0.500408667078114,22
Tczew,2214062,2,15035,0,0,22
Tczów,1436042,2,4910,0,0,14
Telatyn,0618102,2,3901,0,0,06
Teresin,1428082,2,11545,0,0,14
Terespol,0601021,1,5560,0,0,06
Terespol,0601162,2,6700,0,0,06
Tereszpol,0602132,2,3878,0,0,06
Tłuchowo,0408082,2,4648,0,0,04
Tłuszcz,1434113,3,20109,15,0.745934656124124,14
Tokarnia,1209082,2,8820,0,0,12
Tolkmicko,2804093,3,6571,0,0,28
Tomaszów Lubelski,0618112,2,11358,40,3.52174678640606,06
Tomaszów Lubelski,0618011,1,19035,0,0,06
Tomaszów Mazowiecki,1016011,1,61960,0,0,10
Tomaszów Mazowiecki,1016092,2,11224,0,0,10
Tomice,1218082,2,8174,0,0,12
Topólka,0411072,2,4793,14,2.92092635092844,04
Toruń,0463011,1,201447,0,0,04
Torzym,0807053,3,6828,0,0,08
Toszek,2405073,3,9383,30,3.19727166151551,24
Trawniki,0617052,2,8884,0,0,06
Trąbki Wielkie,2204082,2,11145,0,0,22
Trojanów,1403122,2,7299,0,0,14
Troszyn,1415112,2,4756,0,0,14
Tryńcza,1814082,2,8491,0,0,18
Trzciana,1201082,2,5641,0,0,12
Trzcianka,3002073,3,24318,20,0.822436055596677,30
Trzcianne,2008072,2,4271,0,0,20
Trzciel,0803063,3,6407,0,0,08
Trzcinica,3008072,2,4945,0,0,30
Trzcińsko-Zdrój,3206083,3,5271,0,0,32
Trzebiatów,3205083,3,16137,0,0,32
Trzebiechów,0809082,2,3371,0,0,08
Trzebiel,0811082,2,5668,0,0,08
Trzebielino,2201092,2,3696,0,0,22
Trzebieszów,0611092,2,7352,0,0,06
Trzebinia,1203053,3,33781,0,0,12
Trzebnica,0220033,3,24436,0,0,02
Trzebownisko,1816132,2,22296,0,0,18
Trzemeszno,3003093,3,14294,0,0,30
Trzeszczany,0604062,2,4091,0,0,06
Trzyciąż,1212062,2,7039,20,2.84131268646115,12
Trzydnik Duży,0607072,2,6406,0,0,06
Tuchola,0416063,3,20251,0,0,04
Tuchomie,2201102,2,4284,0,0,22
Tuchów,1216103,3,17916,0,0,12
Tuczępy,2601072,2,3740,0,0,26
Tuczna,0601172,2,3004,0,0,06
Tuczno,3217043,3,4890,0,0,32
Tuliszków,3027073,3,10537,0,0,30
Tułowice,1609123,3,5205,0,0,16
Tuplice,0811092,2,3042,0,0,08
Turawa,1609132,2,10018,0,0,16
Turek,3027082,2,9970,0,0,30
Turek,3027011,1,26833,30,1.11802631088585,30
Turobin,0602142,2,6029,0,0,06
Turośl,2006062,2,5110,0,0,20
Turośń Kościelna,2002112,2,6411,10,1.55981906098893,20
Tuszów Narodowy,1811092,2,8222,0,0,18
Tuszyn,1006113,3,12391,0,0,10
Twardogóra,0214083,3,12948,0,0,02
Tworóg,2413082,2,8287,35,4.22348256305056,24
Tychowo,3201043,3,6731,0,0,32
Tychy,2477011,1,127590,50,0.391880241398229,24
Tyczyn,1816143,3,10499,0,0,18
Tykocin,2002123,3,6194,0,0,20
Tymbark,1207122,2,6591,0,0,12
Tyrawa Wołoska,1817062,2,1978,0,0,18
Tyszowce,0618123,3,5509,7,1.27064803049555,06
Uchanie,0604072,2,4514,0,0,06
Udanin,0218052,2,5088,0,0,02
Ujazd,1016102,2,7723,20,2.58966722776123,10
Ujazd,1611063,3,6409,0,0,16
Ujsoły,2417142,2,4430,15,3.38600451467269,24
Ujście,3019073,3,7957,0,0,30
Ulan-Majorat,0615072,2,6000,0,0,06
Ulanów,1812073,3,8255,0,0,18
Ulhówek,0618132,2,4520,0,0,06
Ułęż,0616062,2,3190,0,0,06
Uniejów,1011043,3,7010,0,0,10
Unisław,0404072,2,6956,0,0,04
Urszulin,0619052,2,4146,0,0,06
Urzędów,0607083,3,8582,0,0,06
Ustka,2212011,1,15367,0,0,22
Ustka,2212102,2,8339,0,0,22
Ustronie Morskie,3208072,2,3685,0,0,32
Ustroń,2403021,1,16067,0,0,24
Ustrzyki Dolne,1801083,3,17215,0,0,18
Uście Gorlickie,1205102,2,6848,0,0,12
Uścimów,0608132,2,3162,0,0,06
Wadowice,1218093,3,37888,0,0,12
Wadowice Górne,1811102,2,7723,0,0,18
Waganiec,0401082,2,4566,0,0,04
Walce,1605042,2,5397,0,0,16
Walim,0221082,2,5403,0,0,02
Wałbrzych,0265011,1,111356,0,0,02
Wałcz,3217052,2,12677,15,1.18324524729826,32
Wałcz,3217011,1,25179,20,0.794312720918226,32
Wapno,3028062,2,2962,0,0,30
Warka,1406113,3,19226,30,0.78019348798502,14
Warlubie,0414112,2,6493,19,2.92622824580317,04
Warnice,3212062,2,3463,0,0,32
Warszawa,1465011,1,1790658,50,0.0279226965729916,14
Warta,1014093,3,12636,0,0,10
Warta Bolesławiecka,0201062,2,8632,0,0,02
Wartkowice,1011052,2,6228,0,0,10
Wasilków,2002133,3,17560,30,1.70842824601367,20
Waśniów,2607062,2,6781,0,0,26
Wąbrzeźno,0417011,1,13518,20,1.47950880307738,04
Wąchock,2611053,3,6811,0,0,26
Wądroże Wielkie,0205062,2,3912,0,0,02
Wągrowiec,3028011,1,25686,0,0,30
Wągrowiec,3028072,2,12316,0,0,30
Wąpielsk,0412062,2,3967,0,0,04
Wąsewo,1416102,2,4293,0,0,14
Wąsosz,2004062,2,3597,0,0,20
Wąsosz,0204043,3,7155,0,0,02
Wąwolnica,0614102,2,4621,0,0,06
Wejherowo,2215031,1,49505,0,0,22
Wejherowo,2215102,2,26578,0,0,22
Werbkowice,0604082,2,9272,16,1.72562553925798,06
Węgierska Górka,2417152,2,15080,20,1.3262599469496,24
Węgliniec,0225063,3,8287,16,1.93073488596597,02
Węgorzewo,2819033,3,16605,25,1.50557061126167,28
Węgorzyno,3218053,3,6890,0,0,32
Węgrów,1433011,1,12583,0,0,14
Wiązowna,1417082,2,13108,24,1.83094293561184,14
Wiązownica,1804112,2,11715,0,0,18
Wiązów,0217053,3,7101,0,0,02
Wicko,2208052,2,6019,15,2.4921083236418,22
Widawa,1003042,2,7315,0,0,10
Widuchowa,3206092,2,5407,0,0,32
Wieczfnia Kościelna,1413092,2,4048,0,0,14
Wielbark,2817083,3,6461,0,0,28
Wieleń,3002083,3,12304,0,0,30
Wielgie,0408092,2,6691,0,0,04
Wielgomłyny,1012132,2,4546,0,0,10
Wielichowo,3005053,3,6910,0,0,30
Wieliczka,1219053,3,60481,0,0,12
Wieliczki,2813062,2,3280,0,0,28
Wieliszew,1408052,2,15228,0,0,14
Wielka Nieszawka,0415082,2,5238,0,0,04
Wielka Wieś,1206152,2,12721,0,0,12
Wielkie Oczy,1809082,2,3818,0,0,18
Wielopole Skrzyńskie,1815052,2,8151,0,0,18
Wielowieś,2405082,2,5856,0,0,24
Wieluń,1017093,3,31456,0,0,10
Wieniawa,1423082,2,5276,0,0,14
Wieprz,1218102,2,12432,150,12.0656370656371,12
Wieruszów,1018073,3,14275,0,0,10
Wierzbica,0603122,2,5060,40,7.90513833992095,06
Wierzbica,1425112,2,9672,0,0,14
Wierzbinek,3010132,2,7287,0,0,30
Wierzbno,1433092,2,2750,0,0,14
Wierzchlas,1017102,2,6622,0,0,10
Wierzchosławice,1216112,2,10857,20,1.84212950170397,12
Wierzchowo,3203052,2,4243,0,0,32
Wietrzychowice,1216122,2,3938,20,5.07872016251905,12
Więcbork,0413043,3,13364,20,1.49655791679138,04
Wijewo,3013062,2,3836,0,0,30
Wilamowice,2402093,3,17695,0,0,24
Wilczęta,2802072,2,2970,0,0,28
Wilczyce,2609082,2,3687,0,0,26
Wilczyn,3010142,2,6202,0,0,30
Wilga,1403132,2,5278,0,0,14
Wilkołaz,0607092,2,5527,0,0,06
Wilkowice,2402102,2,13421,0,0,24
Wilków,1606052,2,4385,0,0,16
Wilków,0612072,2,4405,0,0,06
Winnica,1424062,2,4091,15,3.66658518699584,14
Wińsko,0222022,2,8274,0,0,02
Wiskitki,1438052,2,9880,15,1.51821862348178,14
Wisła,2403031,1,11096,15,1.35183850036049,24
Wisznia Mała,0220042,2,10559,12,1.1364712567478,02
Wisznice,0601182,2,4926,0,0,06
Wiślica,2601083,3,5453,20,3.66770584999083,26
Wiśniew,1426112,2,5747,0,0,14
Wiśniewo,1413102,2,5225,0,0,14
Wiśniowa,1209092,2,7412,20,2.69832703723691,12
Wiśniowa,1819052,2,7999,0,0,18
Witkowo,3003103,3,13593,0,0,30
Witnica,0801073,3,12869,0,0,08
Witonia,1004082,2,3237,30,9.2678405931418,10
Wizna,2007082,2,3957,0,0,20
Wiżajny,2012092,2,2341,0,0,20
Wleń,0212053,3,4247,0,0,02
Władysławowo,2211043,3,15388,0,0,22
Władysławów,3027092,2,8085,0,0,30
Włocławek,0418132,2,7309,0,0,04
Włocławek,0464011,1,109883,0,0,04
Włodawa,0619011,1,13066,0,0,06
Włodawa,0619062,2,6089,0,0,06
Włodowice,2416092,2,5254,0,0,24
Włoszakowice,3013072,2,9669,0,0,30
Włoszczowa,2613063,3,19292,22,1.14036906489737,26
Wodynie,1426122,2,4391,20,4.55477112275108,14
Wodzierady,1003052,2,3486,0,0,10
Wodzisław,2602092,2,6949,0,0,26
Wodzisław Śląski,2415041,1,47813,40,0.836592558509192,24
Wohyń,0615082,2,6608,40,6.05326876513317,06
Wojaszówka,1807092,2,9329,0,0,18
Wojciechowice,2606082,2,4006,0,0,26
Wojciechów,0609132,2,5974,0,0,06
Wojcieszków,0611102,2,6850,0,0,06
Wojcieszów,0226011,1,3650,0,0,02
Wojkowice,2401031,1,8942,0,0,24
Wojnicz,1216133,3,13443,0,0,12
Wojsławice,0603132,2,3745,0,0,06
Wola Krzysztoporska,1010102,2,11965,0,0,10
Wola Mysłowska,0611112,2,4649,0,0,06
Wola Uhruska,0619072,2,3848,0,0,06
Wolanów,1425122,2,8906,50,5.61419267909275,14
Wolbórz,1010113,3,7841,0,0,10
Wolbrom,1212073,3,22753,0,0,12
Wolin,3207063,3,12115,0,0,32
Wolsztyn,3029033,3,30539,0,0,30
Wołczyn,1604043,3,13484,0,0,16
Wołomin,1434123,3,51884,0,0,14
Wołów,0222033,3,22410,0,0,02
Woźniki,2407083,3,9619,0,0,24
Wólka,0609142,2,12547,0,0,06
Wręczyca Wielka,2406092,2,17774,0,0,24
Wrocław,0264011,1,642869,0,0,02
Wronki,3024083,3,19074,0,0,30
Wróblew,1014102,2,6054,0,0,10
Września,3030053,3,47259,0,0,30
Wschowa,0812033,3,21134,0,0,08
Wydminy,2806102,2,6233,0,0,28
Wymiarki,0810082,2,2263,0,0,08
Wyry,2408052,2,8409,15,1.78380306814128,24
Wyryki,0619082,2,2566,0,0,06
Wyrzysk,3019083,3,13926,0,0,30
Wysoka,3019093,3,6516,0,0,30
Wysokie,0609152,2,4392,0,0,06
Wysokie Mazowieckie,2013011,1,9341,0,0,20
Wysokie Mazowieckie,2013102,2,5481,0,0,20
Wyszki,2003082,2,4347,0,0,20
Wyszków,1435053,3,39637,0,0,14
Wyszogród,1419153,3,5575,0,0,14
Wyśmierzyce,1401063,3,2779,15,5.39762504498021,14
Zabierzów,1206162,2,26708,30,1.12325894862962,12
Zabłudów,2002143,3,9331,0,0,20
Zabór,0809092,2,4321,0,0,08
Zabrodzie,1435062,2,5943,0,0,14
Zabrze,2478011,1,172360,30,0.174054304943142,24
Zadzim,1011062,2,4967,0,0,10
Zagnańsk,2604192,2,12982,15,1.15544600215683,26
Zagórów,3023083,3,8945,0,0,30
Zagórz,1817073,3,13126,0,0,18
Zagrodno,0226052,2,5269,0,0,02
Zakliczyn,1216143,3,12488,0,0,12
Zaklików,1818053,3,8516,0,0,18
Zakopane,1217011,1,27010,0,0,12
Zakroczym,1414063,3,6033,0,0,14
Zakrzew,0609162,2,2889,0,0,06
Zakrzew,1425132,2,13222,0,0,14
Zakrzewo,0401092,2,3509,0,0,04
Zakrzewo,3031072,2,4905,10,2.03873598369011,30
Zakrzówek,0607102,2,6443,0,0,06
Zalesie,0601192,2,4405,0,0,06
Zaleszany,1818062,2,10948,40,3.65363536719035,18
Zalewo,2807073,3,6763,0,0,28
Załuski,1420122,2,5669,0,0,14
Zambrów,2014052,2,8875,13,1.46478873239437,20
Zambrów,2014011,1,22018,0,0,20
Zamość,0620142,2,23155,0,0,06
Zamość,0664011,1,63437,0,0,06
Zaniemyśl,3025052,2,6958,0,0,30
Zapolice,1019032,2,5184,30,2.89351851851852,10
Zaręby Kościelne,1416112,2,3645,0,0,14
Zarszyn,1817082,2,9292,15,1.61429186396901,18
Zarzecze,1814092,2,7229,0,0,18
Zator,1213093,3,9317,0,0,12
Zatory,1424072,2,4849,0,0,14
Zawady,2002152,2,2717,0,0,20
Zawadzkie,1611073,3,11304,0,0,16
Zawichost,2609093,3,4385,15,3.42075256556442,26
Zawidów,0225011,1,4180,0,0,02
Zawidz,1427072,2,6578,0,0,14
Zawiercie,2416021,1,49204,0,0,24
Zawoja,1215082,2,9086,0,0,12
Zawonia,0220052,2,5904,0,0,02
Ząbki,1434031,1,37818,25,0.661060870484954,14
Ząbkowice Śląskie,0224053,3,21664,0,0,02
Zbąszynek,0808063,3,8353,0,0,08
Zbąszyń,3015063,3,13794,0,0,30
Zbiczno,0402102,2,4855,16,3.29557157569516,04
Zblewo,2213132,2,11832,0,0,22
Zbójna,2007092,2,4192,0,0,20
Zbójno,0405062,2,4379,0,0,04
Zbrosławice,2413092,2,16261,50,3.07484164565525,24
Zbuczyn,1426132,2,10106,0,0,14
Zduny,1005102,2,5699,0,0,10
Zduny,3012063,3,7577,0,0,30
Zduńska Wola,1019011,1,41686,0,0,10
Zduńska Wola,1019042,2,12198,0,0,10
Zdzieszowice,1605053,3,15722,0,0,16
Zebrzydowice,2403122,2,13263,25,1.88494307471914,24
Zelów,1001083,3,14955,0,0,10
Zembrzyce,1215092,2,5630,0,0,12
Zębowice,1608072,2,3631,0,0,16
Zgierz,1020031,1,56190,0,0,10
Zgierz,1020092,2,14538,0,0,10
Zgorzelec,0225021,1,30231,0,0,02
Zgorzelec,0225072,2,8516,0,0,02
Zielona Góra,0862011,1,141222,50,0.354052484740338,08
Zielonka,1434041,1,17560,50,2.84738041002278,14
Zielonki,1206172,2,23092,0,0,12
Ziębice,0224063,3,16949,0,0,02
Zławieś Wielka,0415092,2,14386,0,0,04
Złocieniec,3203063,3,16359,0,0,32
Złoczew,1014113,3,7164,0,0,10
Złota,2608052,2,4463,30,6.72193591754425,26
Złotniki Kujawskie,0407092,2,9145,0,0,04
Złotoryja,0226021,1,15496,30,1.93598347960764,02
Złotoryja,0226062,2,7021,0,0,02
Złotów,3031011,1,18532,0,0,30
Złotów,3031082,2,9942,0,0,30
Złoty Stok,0224073,3,4447,0,0,02
Zwierzyn,0806052,2,4318,10,2.31588698471515,08
Zwierzyniec,0620153,3,6694,0,0,06
Zwoleń,1436053,3,15125,0,0,14
Żabia Wola,1405062,2,8985,30,3.33889816360601,14
Żabno,1216153,3,18874,20,1.05965878986966,12
Żagań,0810021,1,25668,35,1.36356552906343,08
Żagań,0810092,2,7306,0,0,08
Żarki,2409053,3,8453,0,0,24
Żarnowiec,2416102,2,4597,0,0,24
Żarnów,1007082,2,5908,0,0,10
Żarów,0219083,3,12391,0,0,02
Żary,0811102,2,12332,20,1.62179695102173,08
Żary,0811021,1,37304,0,0,08
Żegocina,1201092,2,5560,0,0,12
Żelazków,3007112,2,9546,0,0,30
Żelechlinek,1016112,2,3316,10,3.01568154402895,10
Żelechów,1403143,3,8281,0,0,14
Żerków,3006043,3,10248,0,0,30
Żmigród,0220063,3,14660,0,0,02
Żmudź,0603142,2,3055,0,0,06
Żnin,0419063,3,24080,0,0,04
Żołynia,1810072,2,7036,0,0,18
Żory,2479011,1,62472,0,0,24
Żółkiewka,0606112,2,5325,0,0,06
Żórawina,0223092,2,11156,0,0,02
Żukowice,0203062,2,3461,0,0,02
Żukowo,2205083,3,40837,0,0,22
Żurawica,1813102,2,12968,20,1.54225786551511,18
Żuromin,1437063,3,14304,15,1.04865771812081,14
Żychlin,1002113,3,11836,0,0,10
Żyraków,1803072,2,14190,0,0,18
Żyrardów,1438011,1,39828,0,0,14
Żyrzyn,0614112,2,6427,0,0,06
Żytno,1012142,2,5096,0,0,10
Żywiec,2417011,1,31091,60,1.92981891865813,24